size_mean,size_std,size_min,size_25%,size_50%,size_75%,size_max,minute,ID,Unnamed: 0_mean,Unnamed: 0_std,Unnamed: 0_min,Unnamed: 0_25%,Unnamed: 0_50%,Unnamed: 0_75%,Unnamed: 0_max
5076.832635166144,15528.295986123694,27.0,27.0,27.0,1051.0,65535.0,0,./data/raw/Raw_traffic_and_movement_data/group1_order1_user0,,,,,,,
5135.775099368047,15751.120923747585,27.0,27.0,27.0,1051.0,65535.0,1,./data/raw/Raw_traffic_and_movement_data/group1_order1_user0,,,,,,,
5119.441284720509,15651.96494286765,27.0,27.0,27.0,1051.0,65535.0,2,./data/raw/Raw_traffic_and_movement_data/group1_order1_user0,,,,,,,
5078.293025059376,15551.50575840627,27.0,27.0,27.0,1051.0,65535.0,3,./data/raw/Raw_traffic_and_movement_data/group1_order1_user0,,,,,,,
5086.306585057394,15587.63247738664,27.0,27.0,27.0,1051.0,65535.0,4,./data/raw/Raw_traffic_and_movement_data/group1_order1_user0,,,,,,,
5071.31738286349,15523.219779639907,27.0,27.0,27.0,1051.0,65535.0,5,./data/raw/Raw_traffic_and_movement_data/group1_order1_user0,,,,,,,
5053.663501232693,15493.430242742706,27.0,27.0,27.0,1051.0,65535.0,6,./data/raw/Raw_traffic_and_movement_data/group1_order1_user0,,,,,,,
5033.128271617744,15442.018072120163,27.0,27.0,27.0,1051.0,65535.0,7,./data/raw/Raw_traffic_and_movement_data/group1_order1_user0,,,,,,,
5062.575492885062,15572.405532289611,27.0,27.0,27.0,1051.0,65535.0,8,./data/raw/Raw_traffic_and_movement_data/group1_order1_user0,,,,,,,
5040.693062859032,15525.03056913682,27.0,27.0,27.0,1051.0,65535.0,9,./data/raw/Raw_traffic_and_movement_data/group1_order1_user0,,,,,,,
5129.750229907942,15728.295554815151,27.0,27.0,27.0,1051.0,65535.0,0,./data/raw/Raw_traffic_and_movement_data/group1_order1_user1,,,,,,,
5114.692504283681,15707.90700039663,27.0,27.0,27.0,1051.0,65535.0,1,./data/raw/Raw_traffic_and_movement_data/group1_order1_user1,,,,,,,
5049.400950199372,15465.4361002667,27.0,27.0,27.0,1051.0,65535.0,2,./data/raw/Raw_traffic_and_movement_data/group1_order1_user1,,,,,,,
5049.271528781586,15492.43018726632,27.0,27.0,27.0,1051.0,65535.0,3,./data/raw/Raw_traffic_and_movement_data/group1_order1_user1,,,,,,,
5077.164449270117,15553.145793801108,27.0,27.0,27.0,1051.0,65535.0,4,./data/raw/Raw_traffic_and_movement_data/group1_order1_user1,,,,,,,
5029.10552422625,15446.110735056442,27.0,27.0,27.0,1051.0,65535.0,5,./data/raw/Raw_traffic_and_movement_data/group1_order1_user1,,,,,,,
5046.057742011561,15458.5138467942,27.0,27.0,27.0,1051.0,65535.0,6,./data/raw/Raw_traffic_and_movement_data/group1_order1_user1,,,,,,,
5074.810208331334,15609.832716849432,27.0,27.0,27.0,1051.0,65535.0,7,./data/raw/Raw_traffic_and_movement_data/group1_order1_user1,,,,,,,
5034.1648778806475,15524.779709627075,27.0,27.0,27.0,1051.0,65535.0,8,./data/raw/Raw_traffic_and_movement_data/group1_order1_user1,,,,,,,
5109.676163811237,15642.939366738306,27.0,27.0,27.0,1051.0,65535.0,9,./data/raw/Raw_traffic_and_movement_data/group1_order1_user1,,,,,,,
5114.4700135660505,15681.229697090275,27.0,27.0,27.0,1051.0,65535.0,0,./data/raw/Raw_traffic_and_movement_data/group1_order1_user10,,,,,,,
5129.703291088423,15712.702090403136,27.0,27.0,27.0,1051.0,65535.0,1,./data/raw/Raw_traffic_and_movement_data/group1_order1_user10,,,,,,,
5101.1106219366775,15593.564576854327,27.0,27.0,27.0,1051.0,65535.0,2,./data/raw/Raw_traffic_and_movement_data/group1_order1_user10,,,,,,,
5063.744647878175,15533.785018573748,27.0,27.0,27.0,1051.0,65535.0,3,./data/raw/Raw_traffic_and_movement_data/group1_order1_user10,,,,,,,
5075.566005352976,15547.825672762341,27.0,27.0,27.0,1051.0,65535.0,4,./data/raw/Raw_traffic_and_movement_data/group1_order1_user10,,,,,,,
5106.9368805185995,15619.990030111023,27.0,27.0,27.0,1051.0,65535.0,5,./data/raw/Raw_traffic_and_movement_data/group1_order1_user10,,,,,,,
5070.817371602629,15542.909187733125,27.0,27.0,27.0,1051.0,65535.0,6,./data/raw/Raw_traffic_and_movement_data/group1_order1_user10,,,,,,,
5078.490958848757,15536.75165165441,27.0,27.0,27.0,1051.0,65535.0,7,./data/raw/Raw_traffic_and_movement_data/group1_order1_user10,,,,,,,
5053.949436720545,15537.68635092009,27.0,27.0,27.0,1051.0,65535.0,8,./data/raw/Raw_traffic_and_movement_data/group1_order1_user10,,,,,,,
5085.935830098196,15607.243559790113,27.0,27.0,27.0,1051.0,65535.0,9,./data/raw/Raw_traffic_and_movement_data/group1_order1_user10,,,,,,,
5100.389159399558,15619.751364038017,27.0,27.0,27.0,1051.0,65535.0,0,./data/raw/Raw_traffic_and_movement_data/group1_order1_user11,,,,,,,
5111.688402521819,15640.613863391041,27.0,27.0,27.0,1051.0,65535.0,1,./data/raw/Raw_traffic_and_movement_data/group1_order1_user11,,,,,,,
4974.081180602764,15283.857321583862,27.0,27.0,27.0,1051.0,65535.0,2,./data/raw/Raw_traffic_and_movement_data/group1_order1_user11,,,,,,,
5096.323134193708,15592.189637127534,27.0,27.0,27.0,1051.0,65535.0,3,./data/raw/Raw_traffic_and_movement_data/group1_order1_user11,,,,,,,
5002.599844347883,15330.171020399888,27.0,27.0,27.0,1051.0,65535.0,4,./data/raw/Raw_traffic_and_movement_data/group1_order1_user11,,,,,,,
5091.100737770337,15585.94906963616,27.0,27.0,27.0,1051.0,65535.0,5,./data/raw/Raw_traffic_and_movement_data/group1_order1_user11,,,,,,,
5077.359118150884,15532.47003313097,27.0,27.0,27.0,1051.0,65535.0,6,./data/raw/Raw_traffic_and_movement_data/group1_order1_user11,,,,,,,
5340.432558876386,15843.001544971932,27.0,27.0,27.0,1051.0,65535.0,7,./data/raw/Raw_traffic_and_movement_data/group1_order1_user11,,,,,,,
5204.942099198896,15689.167089249435,27.0,27.0,27.0,1051.0,65535.0,8,./data/raw/Raw_traffic_and_movement_data/group1_order1_user11,,,,,,,
5116.414466433361,15643.239655529358,27.0,27.0,27.0,1051.0,65535.0,9,./data/raw/Raw_traffic_and_movement_data/group1_order1_user11,,,,,,,
5084.895079880829,15608.075005923176,27.0,27.0,27.0,1051.0,65535.0,0,./data/raw/Raw_traffic_and_movement_data/group1_order1_user12,,,,,,,
5122.552578125745,15700.877029735359,27.0,27.0,27.0,1051.0,65535.0,1,./data/raw/Raw_traffic_and_movement_data/group1_order1_user12,,,,,,,
5034.562241183382,15443.586512859103,27.0,27.0,27.0,1051.0,65535.0,2,./data/raw/Raw_traffic_and_movement_data/group1_order1_user12,,,,,,,
5058.134824503696,15508.749763136751,27.0,27.0,27.0,1051.0,65535.0,3,./data/raw/Raw_traffic_and_movement_data/group1_order1_user12,,,,,,,
5080.914811295471,15543.858483242553,27.0,27.0,27.0,1051.0,65535.0,4,./data/raw/Raw_traffic_and_movement_data/group1_order1_user12,,,,,,,
5071.930867493594,15545.716036942418,27.0,27.0,27.0,1051.0,65535.0,5,./data/raw/Raw_traffic_and_movement_data/group1_order1_user12,,,,,,,
5037.5742902238935,15452.585131717382,27.0,27.0,27.0,1051.0,65535.0,6,./data/raw/Raw_traffic_and_movement_data/group1_order1_user12,,,,,,,
5050.74979103661,15557.890688274865,27.0,27.0,27.0,1051.0,65535.0,7,./data/raw/Raw_traffic_and_movement_data/group1_order1_user12,,,,,,,
5061.013301022891,15612.041322467767,27.0,27.0,27.0,1051.0,65535.0,8,./data/raw/Raw_traffic_and_movement_data/group1_order1_user12,,,,,,,
5085.573584795065,15594.420123616444,27.0,27.0,27.0,1051.0,65535.0,9,./data/raw/Raw_traffic_and_movement_data/group1_order1_user12,,,,,,,
2905.928379537656,11482.916680227581,27.0,27.0,27.0,1051.0,65535.0,0,./data/raw/Raw_traffic_and_movement_data/group1_order1_user13,,,,,,,
2942.3540518506443,11598.354379573979,27.0,27.0,27.0,1051.0,65535.0,1,./data/raw/Raw_traffic_and_movement_data/group1_order1_user13,,,,,,,
2901.14730579044,11406.678474784814,27.0,27.0,27.0,1051.0,65535.0,2,./data/raw/Raw_traffic_and_movement_data/group1_order1_user13,,,,,,,
2932.636282597646,11519.517351531955,27.0,27.0,27.0,1051.0,65535.0,3,./data/raw/Raw_traffic_and_movement_data/group1_order1_user13,,,,,,,
2904.6239801556826,11402.495342224349,27.0,27.0,27.0,1051.0,65535.0,4,./data/raw/Raw_traffic_and_movement_data/group1_order1_user13,,,,,,,
2933.6080270135403,11532.958276562222,27.0,27.0,27.0,1051.0,65535.0,5,./data/raw/Raw_traffic_and_movement_data/group1_order1_user13,,,,,,,
2944.410781310444,11555.5614971656,27.0,27.0,27.0,1051.0,65535.0,6,./data/raw/Raw_traffic_and_movement_data/group1_order1_user13,,,,,,,
2926.9417424869766,11507.542630453296,27.0,27.0,27.0,1051.0,65535.0,7,./data/raw/Raw_traffic_and_movement_data/group1_order1_user13,,,,,,,
2937.34837853564,11585.151800630696,27.0,27.0,27.0,1051.0,65535.0,8,./data/raw/Raw_traffic_and_movement_data/group1_order1_user13,,,,,,,
2949.01790631474,11616.930767410508,27.0,27.0,27.0,1051.0,65535.0,9,./data/raw/Raw_traffic_and_movement_data/group1_order1_user13,,,,,,,
5021.99675457864,15490.213913260548,27.0,27.0,27.0,1051.0,65535.0,0,./data/raw/Raw_traffic_and_movement_data/group1_order1_user14,,,,,,,
5061.260612125761,15579.171472340224,27.0,27.0,27.0,1051.0,65535.0,1,./data/raw/Raw_traffic_and_movement_data/group1_order1_user14,,,,,,,
5023.420665748713,15429.51605168365,27.0,27.0,27.0,1051.0,65535.0,2,./data/raw/Raw_traffic_and_movement_data/group1_order1_user14,,,,,,,
5021.052462521101,15429.376049985047,27.0,27.0,27.0,1051.0,65535.0,3,./data/raw/Raw_traffic_and_movement_data/group1_order1_user14,,,,,,,
5036.837610370889,15471.543010003712,27.0,27.0,27.0,1051.0,65535.0,4,./data/raw/Raw_traffic_and_movement_data/group1_order1_user14,,,,,,,
4984.611633503359,15390.7502343188,27.0,27.0,27.0,1051.0,65535.0,5,./data/raw/Raw_traffic_and_movement_data/group1_order1_user14,,,,,,,
5056.938765174093,15517.33781607107,27.0,27.0,27.0,1051.0,65535.0,6,./data/raw/Raw_traffic_and_movement_data/group1_order1_user14,,,,,,,
5019.580028240375,15492.604303847715,27.0,27.0,27.0,1051.0,65535.0,7,./data/raw/Raw_traffic_and_movement_data/group1_order1_user14,,,,,,,
5004.027518767713,15488.883867769297,27.0,27.0,27.0,1051.0,65535.0,8,./data/raw/Raw_traffic_and_movement_data/group1_order1_user14,,,,,,,
5078.5579567260675,15601.348055563752,27.0,27.0,27.0,1051.0,65535.0,9,./data/raw/Raw_traffic_and_movement_data/group1_order1_user14,,,,,,,
2935.7414495742782,11545.736330427979,27.0,27.0,27.0,1051.0,65535.0,0,./data/raw/Raw_traffic_and_movement_data/group1_order1_user2,,,,,,,
2942.901322931076,11589.990830432214,27.0,27.0,27.0,1051.0,65535.0,1,./data/raw/Raw_traffic_and_movement_data/group1_order1_user2,,,,,,,
2937.939502689525,11560.166733329434,27.0,27.0,27.0,1051.0,65535.0,2,./data/raw/Raw_traffic_and_movement_data/group1_order1_user2,,,,,,,
2931.731195238021,11520.16988074464,27.0,27.0,27.0,1051.0,65535.0,3,./data/raw/Raw_traffic_and_movement_data/group1_order1_user2,,,,,,,
2945.5194826264324,11560.738001202617,27.0,27.0,27.0,1051.0,65535.0,4,./data/raw/Raw_traffic_and_movement_data/group1_order1_user2,,,,,,,
2945.569313315792,11570.432790389017,27.0,27.0,27.0,1051.0,65535.0,5,./data/raw/Raw_traffic_and_movement_data/group1_order1_user2,,,,,,,
2931.6596835674377,11521.655320109314,27.0,27.0,27.0,1051.0,65535.0,6,./data/raw/Raw_traffic_and_movement_data/group1_order1_user2,,,,,,,
2914.746880619196,11459.392914347662,27.0,27.0,27.0,1051.0,65535.0,7,./data/raw/Raw_traffic_and_movement_data/group1_order1_user2,,,,,,,
2960.913209651312,11659.665908042096,27.0,27.0,27.0,1051.0,65535.0,8,./data/raw/Raw_traffic_and_movement_data/group1_order1_user2,,,,,,,
2924.5185580330576,11508.374245172648,27.0,27.0,27.0,1051.0,65535.0,9,./data/raw/Raw_traffic_and_movement_data/group1_order1_user2,,,,,,,
5048.9089444161145,15563.41373139943,27.0,27.0,27.0,1051.0,65535.0,0,./data/raw/Raw_traffic_and_movement_data/group1_order1_user3,,,,,,,
5066.681298634373,15609.695661775693,27.0,27.0,27.0,1051.0,65535.0,1,./data/raw/Raw_traffic_and_movement_data/group1_order1_user3,,,,,,,
5047.10366439644,15531.784233362674,27.0,27.0,27.0,1051.0,65535.0,2,./data/raw/Raw_traffic_and_movement_data/group1_order1_user3,,,,,,,
5008.107814653693,15440.760983156655,27.0,27.0,27.0,1051.0,65535.0,3,./data/raw/Raw_traffic_and_movement_data/group1_order1_user3,,,,,,,
5049.663756233845,15507.130066433456,27.0,27.0,27.0,1051.0,65535.0,4,./data/raw/Raw_traffic_and_movement_data/group1_order1_user3,,,,,,,
5017.046678984732,15473.554914030494,27.0,27.0,27.0,1051.0,65535.0,5,./data/raw/Raw_traffic_and_movement_data/group1_order1_user3,,,,,,,
4990.882537717364,15357.927417059604,27.0,27.0,27.0,1051.0,65535.0,6,./data/raw/Raw_traffic_and_movement_data/group1_order1_user3,,,,,,,
5040.533801329938,15548.343280322619,27.0,27.0,27.0,1051.0,65535.0,7,./data/raw/Raw_traffic_and_movement_data/group1_order1_user3,,,,,,,
5024.443098670486,15532.889620283435,27.0,27.0,27.0,1051.0,65535.0,8,./data/raw/Raw_traffic_and_movement_data/group1_order1_user3,,,,,,,
5045.3330119378015,15556.70050366921,27.0,27.0,27.0,1051.0,65535.0,9,./data/raw/Raw_traffic_and_movement_data/group1_order1_user3,,,,,,,
5148.438166048161,15690.603949692868,27.0,27.0,27.0,1051.0,65535.0,0,./data/raw/Raw_traffic_and_movement_data/group1_order1_user4,,,,,,,
5171.711643372993,15765.12426474099,27.0,27.0,27.0,1051.0,65535.0,1,./data/raw/Raw_traffic_and_movement_data/group1_order1_user4,,,,,,,
5131.936485206318,15632.171870737055,27.0,27.0,27.0,1051.0,65535.0,2,./data/raw/Raw_traffic_and_movement_data/group1_order1_user4,,,,,,,
5122.0816024967635,15611.321160323228,27.0,27.0,27.0,1051.0,65535.0,3,./data/raw/Raw_traffic_and_movement_data/group1_order1_user4,,,,,,,
5105.88450744128,15577.521006378725,27.0,27.0,27.0,1051.0,65535.0,4,./data/raw/Raw_traffic_and_movement_data/group1_order1_user4,,,,,,,
5110.081883019233,15602.440380793389,27.0,27.0,27.0,1051.0,65535.0,5,./data/raw/Raw_traffic_and_movement_data/group1_order1_user4,,,,,,,
5134.927807110173,15659.430670235479,27.0,27.0,27.0,1051.0,65535.0,6,./data/raw/Raw_traffic_and_movement_data/group1_order1_user4,,,,,,,
5121.185191300041,15626.234269096776,27.0,27.0,27.0,1051.0,65535.0,7,./data/raw/Raw_traffic_and_movement_data/group1_order1_user4,,,,,,,
5146.661011613264,15758.01752063529,27.0,27.0,27.0,1051.0,65535.0,8,./data/raw/Raw_traffic_and_movement_data/group1_order1_user4,,,,,,,
5189.258065909199,15792.242653721594,27.0,27.0,27.0,1051.0,65535.0,9,./data/raw/Raw_traffic_and_movement_data/group1_order1_user4,,,,,,,
2980.7742938312463,11671.472813336546,27.0,27.0,27.0,1051.0,65535.0,0,./data/raw/Raw_traffic_and_movement_data/group1_order1_user5,,,,,,,
2993.807374084511,11712.355795404928,27.0,27.0,27.0,1051.0,65535.0,1,./data/raw/Raw_traffic_and_movement_data/group1_order1_user5,,,,,,,
2971.6245586206405,11612.857244063256,27.0,27.0,27.0,1051.0,65535.0,2,./data/raw/Raw_traffic_and_movement_data/group1_order1_user5,,,,,,,
2965.588449085258,11608.501416559693,27.0,27.0,27.0,1051.0,65535.0,3,./data/raw/Raw_traffic_and_movement_data/group1_order1_user5,,,,,,,
2962.910257894026,11587.541700364816,27.0,27.0,27.0,1051.0,65535.0,4,./data/raw/Raw_traffic_and_movement_data/group1_order1_user5,,,,,,,
2963.70190363328,11603.057787121648,27.0,27.0,27.0,1051.0,65535.0,5,./data/raw/Raw_traffic_and_movement_data/group1_order1_user5,,,,,,,
2974.9321794314183,11636.369854508537,27.0,27.0,27.0,1051.0,65535.0,6,./data/raw/Raw_traffic_and_movement_data/group1_order1_user5,,,,,,,
2968.490841787037,11620.247631873734,27.0,27.0,27.0,1051.0,65535.0,7,./data/raw/Raw_traffic_and_movement_data/group1_order1_user5,,,,,,,
2967.6057267261144,11680.933175453325,27.0,27.0,27.0,1051.0,65535.0,8,./data/raw/Raw_traffic_and_movement_data/group1_order1_user5,,,,,,,
2979.6764782329374,11684.20391602041,27.0,27.0,27.0,1051.0,65535.0,9,./data/raw/Raw_traffic_and_movement_data/group1_order1_user5,,,,,,,
5125.719955776673,15694.162672855547,27.0,27.0,27.0,1051.0,65535.0,0,./data/raw/Raw_traffic_and_movement_data/group1_order1_user6,,,,,,,
5116.578267129269,15661.11905868728,27.0,27.0,27.0,1051.0,65535.0,1,./data/raw/Raw_traffic_and_movement_data/group1_order1_user6,,,,,,,
5008.949004660659,15397.319096434338,27.0,27.0,27.0,1051.0,65535.0,2,./data/raw/Raw_traffic_and_movement_data/group1_order1_user6,,,,,,,
5062.783646043765,15526.797388208282,27.0,27.0,27.0,1051.0,65535.0,3,./data/raw/Raw_traffic_and_movement_data/group1_order1_user6,,,,,,,
5035.003866906047,15439.516526236419,27.0,27.0,27.0,1051.0,65535.0,4,./data/raw/Raw_traffic_and_movement_data/group1_order1_user6,,,,,,,
5068.592805809534,15526.000882952405,27.0,27.0,27.0,1051.0,65535.0,5,./data/raw/Raw_traffic_and_movement_data/group1_order1_user6,,,,,,,
5009.638540054464,15353.18166069749,27.0,27.0,27.0,1051.0,65535.0,6,./data/raw/Raw_traffic_and_movement_data/group1_order1_user6,,,,,,,
5092.5889061026855,15641.730819346043,27.0,27.0,27.0,1051.0,65535.0,7,./data/raw/Raw_traffic_and_movement_data/group1_order1_user6,,,,,,,
5057.100203658011,15564.009474372611,27.0,27.0,27.0,1051.0,65535.0,8,./data/raw/Raw_traffic_and_movement_data/group1_order1_user6,,,,,,,
5065.322119133011,15550.025625447308,27.0,27.0,27.0,1051.0,65535.0,9,./data/raw/Raw_traffic_and_movement_data/group1_order1_user6,,,,,,,
5090.056024067155,15629.169732726581,27.0,27.0,27.0,1051.0,65535.0,0,./data/raw/Raw_traffic_and_movement_data/group1_order1_user7,103044.5,59493.202826037195,0.0,51522.25,103044.5,154566.75,206089.0
5098.570919367693,15656.713284392526,27.0,27.0,27.0,1051.0,65535.0,1,./data/raw/Raw_traffic_and_movement_data/group1_order1_user7,308350.0,59040.27153985659,206090.0,257220.0,308350.0,359480.0,410610.0
5020.670141477894,15391.652215724338,27.0,27.0,27.0,1051.0,65535.0,2,./data/raw/Raw_traffic_and_movement_data/group1_order1_user7,514549.0,60009.06529155963,410611.0,462580.0,514549.0,566518.0,618487.0
6042.46273034424,16970.57676286047,27.0,27.0,27.0,1051.0,65535.0,3,./data/raw/Raw_traffic_and_movement_data/group1_order1_user7,707132.0,51179.07027454354,618488.0,662810.0,707132.0,751454.0,795776.0
7047.548550674024,18409.056480959567,27.0,27.0,27.0,1051.0,65535.0,4,./data/raw/Raw_traffic_and_movement_data/group1_order1_user7,831569.0,20664.953847032903,795777.0,813673.0,831569.0,849465.0,867361.0
,,,,,,,5,./data/raw/Raw_traffic_and_movement_data/group1_order1_user7,,,,,,,
,,,,,,,6,./data/raw/Raw_traffic_and_movement_data/group1_order1_user7,,,,,,,
5068.1157769386255,15495.062064479253,27.0,27.0,27.0,1051.0,65535.0,7,./data/raw/Raw_traffic_and_movement_data/group1_order1_user7,931182.5,36847.2158672357,867362.0,899272.25,931182.5,963092.75,995003.0
5063.9691683551,15522.76324240315,27.0,27.0,27.0,1051.0,65535.0,8,./data/raw/Raw_traffic_and_movement_data/group1_order1_user7,1101858.0,61692.61867652131,995004.0,1048431.0,1101858.0,1155285.0,1208712.0
5062.910520334326,15501.757966284938,27.0,27.0,27.0,1051.0,65535.0,9,./data/raw/Raw_traffic_and_movement_data/group1_order1_user7,1312982.0,60200.16823066195,1208713.0,1260847.5,1312982.0,1365116.5,1417251.0
5096.535291611875,15654.08445992198,27.0,27.0,27.0,1051.0,65535.0,0,./data/raw/Raw_traffic_and_movement_data/group1_order1_user8,,,,,,,
5109.767061488193,15671.155018550582,27.0,27.0,27.0,1051.0,65535.0,1,./data/raw/Raw_traffic_and_movement_data/group1_order1_user8,,,,,,,
5043.057289389835,15449.647269528205,27.0,27.0,27.0,1051.0,65535.0,2,./data/raw/Raw_traffic_and_movement_data/group1_order1_user8,,,,,,,
5066.671689760223,15534.638368318381,27.0,27.0,27.0,1051.0,65535.0,3,./data/raw/Raw_traffic_and_movement_data/group1_order1_user8,,,,,,,
5092.844454893531,15549.432035516054,27.0,27.0,27.0,1051.0,65535.0,4,./data/raw/Raw_traffic_and_movement_data/group1_order1_user8,,,,,,,
5085.913784268511,15575.330864568157,27.0,27.0,27.0,1051.0,65535.0,5,./data/raw/Raw_traffic_and_movement_data/group1_order1_user8,,,,,,,
5031.198553897669,15426.61900978959,27.0,27.0,27.0,1051.0,65535.0,6,./data/raw/Raw_traffic_and_movement_data/group1_order1_user8,,,,,,,
5030.180684453419,15449.380581895393,27.0,27.0,27.0,1051.0,65535.0,7,./data/raw/Raw_traffic_and_movement_data/group1_order1_user8,,,,,,,
5062.977244624983,15592.20155505686,27.0,27.0,27.0,1051.0,65535.0,8,./data/raw/Raw_traffic_and_movement_data/group1_order1_user8,,,,,,,
5074.743190516543,15579.104040756705,27.0,27.0,27.0,1051.0,65535.0,9,./data/raw/Raw_traffic_and_movement_data/group1_order1_user8,,,,,,,
5030.012658646766,15542.84505401221,27.0,27.0,27.0,1051.0,65535.0,0,./data/raw/Raw_traffic_and_movement_data/group1_order1_user9,,,,,,,
5069.179484318633,15602.454067073664,27.0,27.0,27.0,1051.0,65535.0,1,./data/raw/Raw_traffic_and_movement_data/group1_order1_user9,,,,,,,
4980.570318982083,15334.109614941004,27.0,27.0,27.0,1051.0,65535.0,2,./data/raw/Raw_traffic_and_movement_data/group1_order1_user9,,,,,,,
4984.609092627809,15381.130826551422,27.0,27.0,27.0,1051.0,65535.0,3,./data/raw/Raw_traffic_and_movement_data/group1_order1_user9,,,,,,,
4962.829359993164,15290.749585795684,27.0,27.0,27.0,1051.0,65535.0,4,./data/raw/Raw_traffic_and_movement_data/group1_order1_user9,,,,,,,
5001.821436960972,15421.116437911523,27.0,27.0,27.0,1051.0,65535.0,5,./data/raw/Raw_traffic_and_movement_data/group1_order1_user9,,,,,,,
4989.075733971061,15416.980416102293,27.0,27.0,27.0,1051.0,65535.0,6,./data/raw/Raw_traffic_and_movement_data/group1_order1_user9,,,,,,,
4965.333318542841,15363.855151454232,27.0,27.0,27.0,1051.0,65535.0,7,./data/raw/Raw_traffic_and_movement_data/group1_order1_user9,,,,,,,
4994.420099742757,15485.178422014003,27.0,27.0,27.0,1051.0,65535.0,8,./data/raw/Raw_traffic_and_movement_data/group1_order1_user9,,,,,,,
4947.686283805387,15380.722394467904,27.0,27.0,27.0,1051.0,65535.0,9,./data/raw/Raw_traffic_and_movement_data/group1_order1_user9,,,,,,,
6628.926626669472,17916.32506731304,27.0,27.0,27.0,1051.0,65535.0,0,./data/raw/Raw_traffic_and_movement_data/group1_order2_user0,,,,,,,
6677.913136671566,17745.488122539835,27.0,27.0,27.0,1051.0,65535.0,1,./data/raw/Raw_traffic_and_movement_data/group1_order2_user0,,,,,,,
6707.534693205134,17919.51852189973,27.0,27.0,27.0,1051.0,65535.0,2,./data/raw/Raw_traffic_and_movement_data/group1_order2_user0,,,,,,,
6647.798920543409,17827.63111420677,27.0,27.0,27.0,1051.0,65535.0,3,./data/raw/Raw_traffic_and_movement_data/group1_order2_user0,,,,,,,
6668.296475509631,17910.72274600497,27.0,27.0,27.0,1051.0,65535.0,4,./data/raw/Raw_traffic_and_movement_data/group1_order2_user0,,,,,,,
6843.201076169561,18175.564428609676,27.0,27.0,27.0,1051.0,65535.0,5,./data/raw/Raw_traffic_and_movement_data/group1_order2_user0,,,,,,,
6735.853039265039,18067.794934146626,27.0,27.0,27.0,1051.0,65535.0,6,./data/raw/Raw_traffic_and_movement_data/group1_order2_user0,,,,,,,
6758.3023298337575,18081.83257936317,27.0,27.0,27.0,1051.0,65535.0,7,./data/raw/Raw_traffic_and_movement_data/group1_order2_user0,,,,,,,
6740.821191744444,18018.282104110072,27.0,27.0,27.0,1051.0,65535.0,8,./data/raw/Raw_traffic_and_movement_data/group1_order2_user0,,,,,,,
6745.841044251065,17994.09307206934,27.0,27.0,27.0,1051.0,65535.0,9,./data/raw/Raw_traffic_and_movement_data/group1_order2_user0,,,,,,,
6660.423816375012,18025.214248525055,27.0,27.0,27.0,1051.0,65535.0,0,./data/raw/Raw_traffic_and_movement_data/group1_order2_user1,,,,,,,
6775.310761650862,17945.84726692124,27.0,27.0,27.0,1051.0,65535.0,1,./data/raw/Raw_traffic_and_movement_data/group1_order2_user1,,,,,,,
6787.190600414648,18005.27122069252,27.0,27.0,27.0,1051.0,65535.0,2,./data/raw/Raw_traffic_and_movement_data/group1_order2_user1,,,,,,,
6738.180730621683,17852.373324356766,27.0,27.0,27.0,1051.0,65535.0,3,./data/raw/Raw_traffic_and_movement_data/group1_order2_user1,,,,,,,
6851.113356921116,18160.154766221498,27.0,27.0,27.0,1051.0,65535.0,4,./data/raw/Raw_traffic_and_movement_data/group1_order2_user1,,,,,,,
6929.852913137036,18332.974666720107,27.0,27.0,27.0,1051.0,65535.0,5,./data/raw/Raw_traffic_and_movement_data/group1_order2_user1,,,,,,,
6910.221647433346,18344.655893248124,27.0,27.0,27.0,1051.0,65535.0,6,./data/raw/Raw_traffic_and_movement_data/group1_order2_user1,,,,,,,
6840.364578086928,18142.3288651844,27.0,27.0,27.0,1051.0,65535.0,7,./data/raw/Raw_traffic_and_movement_data/group1_order2_user1,,,,,,,
6811.588260629635,18045.446039328577,27.0,27.0,27.0,1051.0,65535.0,8,./data/raw/Raw_traffic_and_movement_data/group1_order2_user1,,,,,,,
6886.424997636125,18221.08688791357,27.0,27.0,27.0,1051.0,65535.0,9,./data/raw/Raw_traffic_and_movement_data/group1_order2_user1,,,,,,,
6899.597382439987,18201.471957617952,27.0,27.0,27.0,1051.0,65535.0,0,./data/raw/Raw_traffic_and_movement_data/group1_order2_user10,,,,,,,
6886.146267363959,18163.016902837473,27.0,27.0,27.0,1051.0,65535.0,1,./data/raw/Raw_traffic_and_movement_data/group1_order2_user10,,,,,,,
7002.272594371639,18401.94593573085,27.0,27.0,27.0,1051.0,65535.0,2,./data/raw/Raw_traffic_and_movement_data/group1_order2_user10,,,,,,,
6853.090314678846,18046.39654726214,27.0,27.0,27.0,1051.0,65535.0,3,./data/raw/Raw_traffic_and_movement_data/group1_order2_user10,,,,,,,
6857.557549930549,18119.422190453304,27.0,27.0,27.0,1051.0,65535.0,4,./data/raw/Raw_traffic_and_movement_data/group1_order2_user10,,,,,,,
6800.809044313242,17921.3902593081,27.0,27.0,27.0,1051.0,65535.0,5,./data/raw/Raw_traffic_and_movement_data/group1_order2_user10,,,,,,,
6759.095081195575,17848.975076570005,27.0,27.0,27.0,1051.0,65535.0,6,./data/raw/Raw_traffic_and_movement_data/group1_order2_user10,,,,,,,
6884.534418640938,18182.255592839094,27.0,27.0,27.0,1051.0,65535.0,7,./data/raw/Raw_traffic_and_movement_data/group1_order2_user10,,,,,,,
6621.537769808063,17718.62666958227,27.0,27.0,27.0,1051.0,65535.0,8,./data/raw/Raw_traffic_and_movement_data/group1_order2_user10,,,,,,,
6968.061504059308,18372.638102159155,27.0,27.0,27.0,1051.0,65535.0,9,./data/raw/Raw_traffic_and_movement_data/group1_order2_user10,,,,,,,
6776.98436745874,18113.379625955713,27.0,27.0,27.0,1051.0,65535.0,0,./data/raw/Raw_traffic_and_movement_data/group1_order2_user11,,,,,,,
6887.51016973187,18081.713304834484,27.0,27.0,27.0,1051.0,65535.0,1,./data/raw/Raw_traffic_and_movement_data/group1_order2_user11,,,,,,,
6980.593384498443,18317.42901347099,27.0,27.0,27.0,1051.0,65535.0,2,./data/raw/Raw_traffic_and_movement_data/group1_order2_user11,,,,,,,
7022.6694325010685,18416.116074042107,27.0,27.0,27.0,1051.0,65535.0,3,./data/raw/Raw_traffic_and_movement_data/group1_order2_user11,,,,,,,
6827.71440747791,18153.21785296139,27.0,27.0,27.0,1051.0,65535.0,4,./data/raw/Raw_traffic_and_movement_data/group1_order2_user11,,,,,,,
6682.935387093676,17936.556436521118,27.0,27.0,27.0,1051.0,65535.0,5,./data/raw/Raw_traffic_and_movement_data/group1_order2_user11,,,,,,,
6677.717377532228,17898.519509865484,27.0,27.0,27.0,1051.0,65535.0,6,./data/raw/Raw_traffic_and_movement_data/group1_order2_user11,,,,,,,
6527.090990935055,17595.989957742542,27.0,27.0,27.0,1051.0,65535.0,7,./data/raw/Raw_traffic_and_movement_data/group1_order2_user11,,,,,,,
6668.229540071411,17789.225552162512,27.0,27.0,27.0,1051.0,65535.0,8,./data/raw/Raw_traffic_and_movement_data/group1_order2_user11,,,,,,,
6719.283629196955,17867.94661157347,27.0,27.0,27.0,1051.0,65535.0,9,./data/raw/Raw_traffic_and_movement_data/group1_order2_user11,,,,,,,
6511.3155072083155,17527.502584179714,27.0,27.0,27.0,1051.0,65535.0,0,./data/raw/Raw_traffic_and_movement_data/group1_order2_user12,,,,,,,
6787.51808578858,18041.05674333428,27.0,27.0,27.0,1051.0,65535.0,1,./data/raw/Raw_traffic_and_movement_data/group1_order2_user12,,,,,,,
6635.356811272844,17623.326055926645,27.0,27.0,27.0,1051.0,65535.0,2,./data/raw/Raw_traffic_and_movement_data/group1_order2_user12,,,,,,,
6801.9279983033475,18044.463130101187,27.0,27.0,27.0,1051.0,65535.0,3,./data/raw/Raw_traffic_and_movement_data/group1_order2_user12,,,,,,,
6781.981639334805,18024.97811883065,27.0,27.0,27.0,1051.0,65535.0,4,./data/raw/Raw_traffic_and_movement_data/group1_order2_user12,,,,,,,
6550.727359006069,17534.398771476026,27.0,27.0,27.0,1051.0,65535.0,5,./data/raw/Raw_traffic_and_movement_data/group1_order2_user12,,,,,,,
5811.703345342255,16555.955844262433,27.0,27.0,27.0,1051.0,65535.0,6,./data/raw/Raw_traffic_and_movement_data/group1_order2_user12,,,,,,,
6608.823416902072,17692.835921623137,27.0,27.0,27.0,1051.0,65535.0,7,./data/raw/Raw_traffic_and_movement_data/group1_order2_user12,,,,,,,
6543.700977733476,17534.60409302822,27.0,27.0,27.0,1051.0,65535.0,8,./data/raw/Raw_traffic_and_movement_data/group1_order2_user12,,,,,,,
6730.672633319257,17937.445495818152,27.0,27.0,27.0,1051.0,65535.0,9,./data/raw/Raw_traffic_and_movement_data/group1_order2_user12,,,,,,,
6809.812922248747,18112.00205850984,27.0,27.0,27.0,1051.0,65535.0,0,./data/raw/Raw_traffic_and_movement_data/group1_order2_user13,,,,,,,
6850.609656723328,18101.37390661409,27.0,27.0,27.0,1051.0,65535.0,1,./data/raw/Raw_traffic_and_movement_data/group1_order2_user13,,,,,,,
6870.0467546536665,18196.50471288503,27.0,27.0,27.0,1051.0,65535.0,2,./data/raw/Raw_traffic_and_movement_data/group1_order2_user13,,,,,,,
6739.705295113165,17809.801984907754,27.0,27.0,27.0,1051.0,65535.0,3,./data/raw/Raw_traffic_and_movement_data/group1_order2_user13,,,,,,,
6710.451214698877,17834.5082711882,27.0,27.0,27.0,1051.0,65535.0,4,./data/raw/Raw_traffic_and_movement_data/group1_order2_user13,,,,,,,
6798.283887192867,18051.376959608053,27.0,27.0,27.0,1051.0,65535.0,5,./data/raw/Raw_traffic_and_movement_data/group1_order2_user13,,,,,,,
6723.861172838685,17810.98556570521,27.0,27.0,27.0,1051.0,65535.0,6,./data/raw/Raw_traffic_and_movement_data/group1_order2_user13,,,,,,,
6763.290893834713,17958.544968429243,27.0,27.0,27.0,1051.0,65535.0,7,./data/raw/Raw_traffic_and_movement_data/group1_order2_user13,,,,,,,
6748.886675148722,17905.738637364317,27.0,27.0,27.0,1051.0,65535.0,8,./data/raw/Raw_traffic_and_movement_data/group1_order2_user13,,,,,,,
6703.5046097747945,17839.217252284558,27.0,27.0,27.0,1051.0,65535.0,9,./data/raw/Raw_traffic_and_movement_data/group1_order2_user13,,,,,,,
6752.2729152163365,18016.37505207559,27.0,27.0,27.0,1051.0,65535.0,0,./data/raw/Raw_traffic_and_movement_data/group1_order2_user14,79672.0,41052.3465529073,8568.0,44120.0,79672.0,115224.0,150776.0
6816.132823285388,18033.98708454609,27.0,27.0,27.0,1051.0,65535.0,1,./data/raw/Raw_traffic_and_movement_data/group1_order2_user14,224299.0,42448.37950381616,150777.0,187538.0,224299.0,261060.0,297821.0
6820.021864790148,18075.629153586517,27.0,27.0,27.0,1051.0,65535.0,2,./data/raw/Raw_traffic_and_movement_data/group1_order2_user14,369443.5,41351.12531721476,297822.0,333632.75,369443.5,405254.25,441065.0
6693.635430635759,17776.02928246069,27.0,27.0,27.0,1051.0,65535.0,3,./data/raw/Raw_traffic_and_movement_data/group1_order2_user14,514143.5,42191.74730915988,441066.0,477604.75,514143.5,550682.25,587221.0
6597.414335221029,17601.495795200164,27.0,27.0,27.0,1051.0,65535.0,4,./data/raw/Raw_traffic_and_movement_data/group1_order2_user14,658207.5,40983.930546007905,587222.0,622714.75,658207.5,693700.25,729193.0
6828.035226495906,18144.90037434409,27.0,27.0,27.0,1051.0,65535.0,5,./data/raw/Raw_traffic_and_movement_data/group1_order2_user14,800872.5,41384.03428255877,729194.0,765033.25,800872.5,836711.75,872551.0
6725.270658152154,18006.207655194863,27.0,27.0,27.0,1051.0,65535.0,6,./data/raw/Raw_traffic_and_movement_data/group1_order2_user14,940279.0,39102.63469384128,872552.0,906415.5,940279.0,974142.5,1008006.0
6710.196218797153,17761.72703617149,27.0,27.0,27.0,1051.0,65535.0,7,./data/raw/Raw_traffic_and_movement_data/group1_order2_user14,1080576.0,41898.16469727523,1008007.0,1044291.5,1080576.0,1116860.5,1153145.0
6790.2463960935565,18016.78699734763,27.0,27.0,27.0,1051.0,65535.0,8,./data/raw/Raw_traffic_and_movement_data/group1_order2_user14,1223798.0,40791.38423123197,1153146.0,1188472.0,1223798.0,1259124.0,1294450.0
6639.140309088331,17848.378999515997,27.0,27.0,27.0,1051.0,65535.0,9,./data/raw/Raw_traffic_and_movement_data/group1_order2_user14,1364980.5,40720.65882325579,1294451.0,1329715.75,1364980.5,1400245.25,1435510.0
6673.208374182741,17867.288766209396,27.0,27.0,27.0,1051.0,65535.0,0,./data/raw/Raw_traffic_and_movement_data/group1_order2_user2,,,,,,,
6923.753493167652,18281.846400667975,27.0,27.0,27.0,1051.0,65535.0,1,./data/raw/Raw_traffic_and_movement_data/group1_order2_user2,,,,,,,
6863.874956396975,18125.526113196553,27.0,27.0,27.0,1051.0,65535.0,2,./data/raw/Raw_traffic_and_movement_data/group1_order2_user2,,,,,,,
6858.1612517276235,18189.65610795388,27.0,27.0,27.0,1051.0,65535.0,3,./data/raw/Raw_traffic_and_movement_data/group1_order2_user2,,,,,,,
6917.8520270762065,18279.53293533058,27.0,27.0,27.0,1051.0,65535.0,4,./data/raw/Raw_traffic_and_movement_data/group1_order2_user2,,,,,,,
6943.672924322309,18349.04597994814,27.0,27.0,27.0,1051.0,65535.0,5,./data/raw/Raw_traffic_and_movement_data/group1_order2_user2,,,,,,,
6903.377034919846,18246.84307734169,27.0,27.0,27.0,1051.0,65535.0,6,./data/raw/Raw_traffic_and_movement_data/group1_order2_user2,,,,,,,
6920.876941181137,18271.409843385292,27.0,27.0,27.0,1051.0,65535.0,7,./data/raw/Raw_traffic_and_movement_data/group1_order2_user2,,,,,,,
6651.87236819093,17851.64273932604,27.0,27.0,27.0,1051.0,65535.0,8,./data/raw/Raw_traffic_and_movement_data/group1_order2_user2,,,,,,,
6854.512756163354,18106.67172761643,27.0,27.0,27.0,1051.0,65535.0,9,./data/raw/Raw_traffic_and_movement_data/group1_order2_user2,,,,,,,
3878.542906024685,9706.101991574136,27.0,27.0,27.0,1051.0,65535.0,0,./data/raw/Raw_traffic_and_movement_data/group1_order2_user3,,,,,,,
3872.249520273914,9509.06610028189,27.0,27.0,27.0,1051.0,49179.0,1,./data/raw/Raw_traffic_and_movement_data/group1_order2_user3,,,,,,,
3861.5172131250865,9494.215040126046,27.0,27.0,27.0,1051.0,46107.0,2,./data/raw/Raw_traffic_and_movement_data/group1_order2_user3,,,,,,,
3861.0935140233055,9521.794331725214,27.0,27.0,27.0,1051.0,65535.0,3,./data/raw/Raw_traffic_and_movement_data/group1_order2_user3,,,,,,,
3838.1541753038055,9476.379215174431,27.0,27.0,27.0,1051.0,46107.0,4,./data/raw/Raw_traffic_and_movement_data/group1_order2_user3,,,,,,,
3823.0561272217024,9389.130407625345,27.0,27.0,27.0,1051.0,52251.0,5,./data/raw/Raw_traffic_and_movement_data/group1_order2_user3,,,,,,,
3840.826339429734,9422.580624608418,27.0,27.0,27.0,1051.0,51227.0,6,./data/raw/Raw_traffic_and_movement_data/group1_order2_user3,,,,,,,
3641.9772521129044,9683.858594050074,27.0,27.0,27.0,1051.0,65535.0,7,./data/raw/Raw_traffic_and_movement_data/group1_order2_user3,,,,,,,
3842.4291087310735,9543.478788788027,27.0,27.0,27.0,1051.0,65535.0,8,./data/raw/Raw_traffic_and_movement_data/group1_order2_user3,,,,,,,
3840.1483982332334,9450.503255796528,27.0,27.0,27.0,1051.0,50203.0,9,./data/raw/Raw_traffic_and_movement_data/group1_order2_user3,,,,,,,
6984.836590675909,18386.54224475055,27.0,27.0,27.0,1051.0,65535.0,0,./data/raw/Raw_traffic_and_movement_data/group1_order2_user4,,,,,,,
7009.568884129417,18317.25463311155,27.0,27.0,27.0,1051.0,65535.0,1,./data/raw/Raw_traffic_and_movement_data/group1_order2_user4,,,,,,,
7016.525763311864,18394.681433612725,27.0,27.0,27.0,1051.0,65535.0,2,./data/raw/Raw_traffic_and_movement_data/group1_order2_user4,,,,,,,
7037.495937922811,18440.578554145985,27.0,27.0,27.0,1051.0,65535.0,3,./data/raw/Raw_traffic_and_movement_data/group1_order2_user4,,,,,,,
7094.570051764477,18514.856709652227,27.0,27.0,27.0,1051.0,65535.0,4,./data/raw/Raw_traffic_and_movement_data/group1_order2_user4,,,,,,,
7053.5964506689215,18443.70590356968,27.0,27.0,27.0,1051.0,65535.0,5,./data/raw/Raw_traffic_and_movement_data/group1_order2_user4,,,,,,,
6894.281219266363,18078.595625483682,27.0,27.0,27.0,1051.0,65535.0,6,./data/raw/Raw_traffic_and_movement_data/group1_order2_user4,,,,,,,
6954.726499775595,18267.40911452185,27.0,27.0,27.0,1051.0,65535.0,7,./data/raw/Raw_traffic_and_movement_data/group1_order2_user4,,,,,,,
6963.4903758305,18278.11993871679,27.0,27.0,27.0,1051.0,65535.0,8,./data/raw/Raw_traffic_and_movement_data/group1_order2_user4,,,,,,,
6613.348305248499,17738.68250982167,27.0,27.0,27.0,1051.0,65535.0,9,./data/raw/Raw_traffic_and_movement_data/group1_order2_user4,,,,,,,
6677.196790288239,17637.49495062335,27.0,27.0,27.0,1051.0,65535.0,0,./data/raw/Raw_traffic_and_movement_data/group1_order2_user5,,,,,,,
6746.304042665593,17723.27652746625,27.0,27.0,27.0,1051.0,65535.0,1,./data/raw/Raw_traffic_and_movement_data/group1_order2_user5,,,,,,,
6959.725919305413,18245.420609452176,27.0,27.0,27.0,1051.0,65535.0,2,./data/raw/Raw_traffic_and_movement_data/group1_order2_user5,,,,,,,
6815.633383903415,18008.643131142653,27.0,27.0,27.0,1051.0,65535.0,3,./data/raw/Raw_traffic_and_movement_data/group1_order2_user5,,,,,,,
6857.865383867833,18156.954363295754,27.0,27.0,27.0,1051.0,65535.0,4,./data/raw/Raw_traffic_and_movement_data/group1_order2_user5,,,,,,,
6891.151295363824,18199.702342252844,27.0,27.0,27.0,1051.0,65535.0,5,./data/raw/Raw_traffic_and_movement_data/group1_order2_user5,,,,,,,
6980.645714730331,18375.977030391976,27.0,27.0,27.0,1051.0,65535.0,6,./data/raw/Raw_traffic_and_movement_data/group1_order2_user5,,,,,,,
6887.489991809153,18062.791008980756,27.0,27.0,27.0,1051.0,65535.0,7,./data/raw/Raw_traffic_and_movement_data/group1_order2_user5,,,,,,,
6700.603919875345,17885.410823124268,27.0,27.0,27.0,1051.0,65535.0,8,./data/raw/Raw_traffic_and_movement_data/group1_order2_user5,,,,,,,
6956.017111471023,18274.946421408906,27.0,27.0,27.0,1051.0,65535.0,9,./data/raw/Raw_traffic_and_movement_data/group1_order2_user5,,,,,,,
6813.40223313543,17961.655489386198,27.0,27.0,27.0,1051.0,65535.0,0,./data/raw/Raw_traffic_and_movement_data/group1_order2_user6,,,,,,,
7047.127378612855,18408.845761643508,27.0,27.0,27.0,1051.0,65535.0,1,./data/raw/Raw_traffic_and_movement_data/group1_order2_user6,,,,,,,
7058.894627027753,18451.23403171739,27.0,27.0,27.0,1051.0,65535.0,2,./data/raw/Raw_traffic_and_movement_data/group1_order2_user6,,,,,,,
7073.133584676193,18476.104597799465,27.0,27.0,27.0,1051.0,65535.0,3,./data/raw/Raw_traffic_and_movement_data/group1_order2_user6,,,,,,,
7086.718743321222,18493.423045994445,27.0,27.0,27.0,1051.0,65535.0,4,./data/raw/Raw_traffic_and_movement_data/group1_order2_user6,,,,,,,
7075.297449710655,18488.44353849507,27.0,27.0,27.0,1051.0,65535.0,5,./data/raw/Raw_traffic_and_movement_data/group1_order2_user6,,,,,,,
7085.0169143025,18505.756508257764,27.0,27.0,27.0,1051.0,65535.0,6,./data/raw/Raw_traffic_and_movement_data/group1_order2_user6,,,,,,,
6864.954994976578,17960.367092594617,27.0,27.0,27.0,1051.0,65535.0,7,./data/raw/Raw_traffic_and_movement_data/group1_order2_user6,,,,,,,
6989.260250653772,18300.943428668274,27.0,27.0,27.0,1051.0,65535.0,8,./data/raw/Raw_traffic_and_movement_data/group1_order2_user6,,,,,,,
6960.536484765544,18349.302544122314,27.0,27.0,27.0,1051.0,65535.0,9,./data/raw/Raw_traffic_and_movement_data/group1_order2_user6,,,,,,,
6761.922476463282,17999.475449911974,27.0,27.0,27.0,1051.0,65535.0,0,./data/raw/Raw_traffic_and_movement_data/group1_order2_user7,,,,,,,
6806.399967455862,18028.272847442797,27.0,27.0,27.0,1051.0,65535.0,1,./data/raw/Raw_traffic_and_movement_data/group1_order2_user7,,,,,,,
6992.395416053268,18414.89870834895,27.0,27.0,27.0,1051.0,65535.0,2,./data/raw/Raw_traffic_and_movement_data/group1_order2_user7,,,,,,,
6906.7780794074115,18311.023484323472,27.0,27.0,27.0,1051.0,65535.0,3,./data/raw/Raw_traffic_and_movement_data/group1_order2_user7,,,,,,,
6686.293025937391,17867.41251711144,27.0,27.0,27.0,1051.0,65535.0,4,./data/raw/Raw_traffic_and_movement_data/group1_order2_user7,,,,,,,
6651.795486285682,17721.773146080275,27.0,27.0,27.0,1051.0,65535.0,5,./data/raw/Raw_traffic_and_movement_data/group1_order2_user7,,,,,,,
6827.027636865101,18087.601284532255,27.0,27.0,27.0,1051.0,65535.0,6,./data/raw/Raw_traffic_and_movement_data/group1_order2_user7,,,,,,,
6859.604023040169,18165.848354281454,27.0,27.0,27.0,1051.0,65535.0,7,./data/raw/Raw_traffic_and_movement_data/group1_order2_user7,,,,,,,
6786.7872337349745,18120.283984055783,27.0,27.0,27.0,1051.0,65535.0,8,./data/raw/Raw_traffic_and_movement_data/group1_order2_user7,,,,,,,
6703.817584984121,17891.905367396204,27.0,27.0,27.0,1051.0,65535.0,9,./data/raw/Raw_traffic_and_movement_data/group1_order2_user7,,,,,,,
6725.163920673596,17838.825112584822,27.0,27.0,27.0,1051.0,65535.0,0,./data/raw/Raw_traffic_and_movement_data/group1_order2_user8,,,,,,,
6942.657422977878,18175.185847557786,27.0,27.0,27.0,1051.0,65535.0,1,./data/raw/Raw_traffic_and_movement_data/group1_order2_user8,,,,,,,
6962.822297610622,18213.151281419807,27.0,27.0,27.0,1051.0,65535.0,2,./data/raw/Raw_traffic_and_movement_data/group1_order2_user8,,,,,,,
7026.007783090238,18371.98606146243,27.0,27.0,27.0,1051.0,65535.0,3,./data/raw/Raw_traffic_and_movement_data/group1_order2_user8,,,,,,,
6751.775687551854,17668.082986363934,27.0,27.0,27.0,1051.0,65535.0,4,./data/raw/Raw_traffic_and_movement_data/group1_order2_user8,,,,,,,
6752.296073300026,17657.28447743371,27.0,27.0,27.0,1051.0,65535.0,5,./data/raw/Raw_traffic_and_movement_data/group1_order2_user8,,,,,,,
6887.94918325923,18026.876591903005,27.0,27.0,27.0,1051.0,65535.0,6,./data/raw/Raw_traffic_and_movement_data/group1_order2_user8,,,,,,,
7016.365343017482,18409.775343691534,27.0,27.0,27.0,1051.0,65535.0,7,./data/raw/Raw_traffic_and_movement_data/group1_order2_user8,,,,,,,
6994.44224760759,18313.203146989825,27.0,27.0,27.0,1051.0,65535.0,8,./data/raw/Raw_traffic_and_movement_data/group1_order2_user8,,,,,,,
6810.414487474867,17875.75832299618,27.0,27.0,27.0,1051.0,65535.0,9,./data/raw/Raw_traffic_and_movement_data/group1_order2_user8,,,,,,,
3712.4270504831343,9518.249809926141,27.0,27.0,27.0,1051.0,65535.0,0,./data/raw/Raw_traffic_and_movement_data/group1_order2_user9,,,,,,,
3778.371107147757,9436.63709418581,27.0,27.0,27.0,1051.0,60443.0,1,./data/raw/Raw_traffic_and_movement_data/group1_order2_user9,,,,,,,
3733.9729605134844,9371.39261918953,27.0,27.0,27.0,1051.0,48155.0,2,./data/raw/Raw_traffic_and_movement_data/group1_order2_user9,,,,,,,
3715.899707447501,9351.483437887373,27.0,27.0,27.0,1051.0,48155.0,3,./data/raw/Raw_traffic_and_movement_data/group1_order2_user9,,,,,,,
3686.2426581553887,9244.87312994887,27.0,27.0,27.0,1051.0,50203.0,4,./data/raw/Raw_traffic_and_movement_data/group1_order2_user9,,,,,,,
3731.0366481264396,9344.688581766017,27.0,27.0,27.0,1051.0,48155.0,5,./data/raw/Raw_traffic_and_movement_data/group1_order2_user9,,,,,,,
3717.6590238326767,9336.776613870177,27.0,27.0,27.0,1051.0,49179.0,6,./data/raw/Raw_traffic_and_movement_data/group1_order2_user9,,,,,,,
3707.3661207970617,9289.507073953353,27.0,27.0,27.0,1051.0,48155.0,7,./data/raw/Raw_traffic_and_movement_data/group1_order2_user9,,,,,,,
3720.8699380359267,9339.965111634712,27.0,27.0,27.0,1051.0,50203.0,8,./data/raw/Raw_traffic_and_movement_data/group1_order2_user9,,,,,,,
3700.6368730784625,9440.749101637528,27.0,27.0,27.0,1051.0,65535.0,9,./data/raw/Raw_traffic_and_movement_data/group1_order2_user9,,,,,,,
6761.8811851282335,18003.006236151694,27.0,27.0,27.0,1051.0,65535.0,0,./data/raw/Raw_traffic_and_movement_data/group2_order1_user0,,,,,,,
6819.889492920949,18044.512839986415,27.0,27.0,27.0,1051.0,65535.0,1,./data/raw/Raw_traffic_and_movement_data/group2_order1_user0,,,,,,,
6840.163642642722,18124.34563941927,27.0,27.0,27.0,1051.0,65535.0,2,./data/raw/Raw_traffic_and_movement_data/group2_order1_user0,,,,,,,
6889.132871655304,18253.58244498162,27.0,27.0,27.0,1051.0,65535.0,3,./data/raw/Raw_traffic_and_movement_data/group2_order1_user0,,,,,,,
6827.358956540696,18118.436820366736,27.0,27.0,27.0,1051.0,65535.0,4,./data/raw/Raw_traffic_and_movement_data/group2_order1_user0,,,,,,,
6861.354793380174,18163.903361849767,27.0,27.0,27.0,1051.0,65535.0,5,./data/raw/Raw_traffic_and_movement_data/group2_order1_user0,,,,,,,
6831.538503460679,18135.071871833232,27.0,27.0,27.0,1051.0,65535.0,6,./data/raw/Raw_traffic_and_movement_data/group2_order1_user0,,,,,,,
6821.322215495133,18087.242709767954,27.0,27.0,27.0,1051.0,65535.0,7,./data/raw/Raw_traffic_and_movement_data/group2_order1_user0,,,,,,,
6769.877045953091,18038.065701626696,27.0,27.0,27.0,1051.0,65535.0,8,./data/raw/Raw_traffic_and_movement_data/group2_order1_user0,,,,,,,
6882.696437576419,18211.822485862427,27.0,27.0,27.0,1051.0,65535.0,9,./data/raw/Raw_traffic_and_movement_data/group2_order1_user0,,,,,,,
6780.498057242927,18027.994692656266,27.0,27.0,27.0,1051.0,65535.0,0,./data/raw/Raw_traffic_and_movement_data/group2_order1_user1,,,,,,,
6955.718138985531,18332.565725204367,27.0,27.0,27.0,1051.0,65535.0,1,./data/raw/Raw_traffic_and_movement_data/group2_order1_user1,,,,,,,
6872.666071851156,18137.4364986927,27.0,27.0,27.0,1051.0,65535.0,2,./data/raw/Raw_traffic_and_movement_data/group2_order1_user1,,,,,,,
6783.677326523727,18027.066942662568,27.0,27.0,27.0,1051.0,65535.0,3,./data/raw/Raw_traffic_and_movement_data/group2_order1_user1,,,,,,,
6953.639462782659,18322.413349139068,27.0,27.0,27.0,1051.0,65535.0,4,./data/raw/Raw_traffic_and_movement_data/group2_order1_user1,,,,,,,
7009.864097467799,18396.5584388719,27.0,27.0,27.0,1051.0,65535.0,5,./data/raw/Raw_traffic_and_movement_data/group2_order1_user1,,,,,,,
6991.827058761583,18442.097806643782,27.0,27.0,27.0,1051.0,65535.0,6,./data/raw/Raw_traffic_and_movement_data/group2_order1_user1,,,,,,,
7019.772947108128,18455.368016198812,27.0,27.0,27.0,1051.0,65535.0,7,./data/raw/Raw_traffic_and_movement_data/group2_order1_user1,,,,,,,
6951.167325008639,18331.151575820175,27.0,27.0,27.0,1051.0,65535.0,8,./data/raw/Raw_traffic_and_movement_data/group2_order1_user1,,,,,,,
7053.011479471819,18458.346924984235,27.0,27.0,27.0,1051.0,65535.0,9,./data/raw/Raw_traffic_and_movement_data/group2_order1_user1,,,,,,,
6558.01872856766,17843.589244163566,27.0,27.0,27.0,1051.0,65535.0,0,./data/raw/Raw_traffic_and_movement_data/group2_order1_user10,,,,,,,
6161.939143430212,16939.029421618052,27.0,27.0,27.0,1051.0,65535.0,1,./data/raw/Raw_traffic_and_movement_data/group2_order1_user10,,,,,,,
5109.44917952486,14676.677095191875,27.0,27.0,27.0,1051.0,65535.0,2,./data/raw/Raw_traffic_and_movement_data/group2_order1_user10,,,,,,,
6067.688730449584,16803.265109450138,27.0,27.0,27.0,1051.0,65535.0,3,./data/raw/Raw_traffic_and_movement_data/group2_order1_user10,,,,,,,
5951.48530906788,16482.450010782126,27.0,27.0,27.0,1051.0,65535.0,4,./data/raw/Raw_traffic_and_movement_data/group2_order1_user10,,,,,,,
6646.351395489361,17915.356393651982,27.0,27.0,27.0,1051.0,65535.0,5,./data/raw/Raw_traffic_and_movement_data/group2_order1_user10,,,,,,,
6797.660510566303,18192.189785275295,27.0,27.0,27.0,1051.0,65535.0,6,./data/raw/Raw_traffic_and_movement_data/group2_order1_user10,,,,,,,
6833.15292866719,18164.39500119246,27.0,27.0,27.0,1051.0,65535.0,7,./data/raw/Raw_traffic_and_movement_data/group2_order1_user10,,,,,,,
6692.735687633678,17965.988720401216,27.0,27.0,27.0,1051.0,65535.0,8,./data/raw/Raw_traffic_and_movement_data/group2_order1_user10,,,,,,,
6766.413040806293,18038.625721650027,27.0,27.0,27.0,1051.0,65535.0,9,./data/raw/Raw_traffic_and_movement_data/group2_order1_user10,,,,,,,
6779.092524045676,18110.201792286356,27.0,27.0,27.0,1051.0,65535.0,0,./data/raw/Raw_traffic_and_movement_data/group2_order1_user11,,,,,,,
6737.315085972915,18035.252987686687,27.0,27.0,27.0,1051.0,65535.0,1,./data/raw/Raw_traffic_and_movement_data/group2_order1_user11,,,,,,,
6736.548382565702,17903.72039361406,27.0,27.0,27.0,1051.0,65535.0,2,./data/raw/Raw_traffic_and_movement_data/group2_order1_user11,,,,,,,
6856.829274954303,18206.717021050234,27.0,27.0,27.0,1051.0,65535.0,3,./data/raw/Raw_traffic_and_movement_data/group2_order1_user11,,,,,,,
6775.529598909215,18047.19578128192,27.0,27.0,27.0,1051.0,65535.0,4,./data/raw/Raw_traffic_and_movement_data/group2_order1_user11,,,,,,,
6707.079070025525,17946.63297675341,27.0,27.0,27.0,1051.0,65535.0,5,./data/raw/Raw_traffic_and_movement_data/group2_order1_user11,,,,,,,
6819.831291221388,18097.13111184448,27.0,27.0,27.0,1051.0,65535.0,6,./data/raw/Raw_traffic_and_movement_data/group2_order1_user11,,,,,,,
6803.914225798984,18031.26986696544,27.0,27.0,27.0,1051.0,65535.0,7,./data/raw/Raw_traffic_and_movement_data/group2_order1_user11,,,,,,,
6842.963182971779,18181.727670646527,27.0,27.0,27.0,1051.0,65535.0,8,./data/raw/Raw_traffic_and_movement_data/group2_order1_user11,,,,,,,
6698.406697375054,17865.95699085556,27.0,27.0,27.0,1051.0,65535.0,9,./data/raw/Raw_traffic_and_movement_data/group2_order1_user11,,,,,,,
6773.520286873536,18018.012954794103,27.0,27.0,27.0,1051.0,65535.0,0,./data/raw/Raw_traffic_and_movement_data/group2_order1_user12,,,,,,,
6919.867821822199,18272.118017020057,27.0,27.0,27.0,1051.0,65535.0,1,./data/raw/Raw_traffic_and_movement_data/group2_order1_user12,,,,,,,
6823.821393823145,18116.655620270692,27.0,27.0,27.0,1051.0,65535.0,2,./data/raw/Raw_traffic_and_movement_data/group2_order1_user12,,,,,,,
6849.725457938757,18203.639710990075,27.0,27.0,27.0,1051.0,65535.0,3,./data/raw/Raw_traffic_and_movement_data/group2_order1_user12,,,,,,,
6830.603044272893,18138.00323376297,27.0,27.0,27.0,1051.0,65535.0,4,./data/raw/Raw_traffic_and_movement_data/group2_order1_user12,,,,,,,
6872.1602045958125,18221.538170642503,27.0,27.0,27.0,1051.0,65535.0,5,./data/raw/Raw_traffic_and_movement_data/group2_order1_user12,,,,,,,
6777.214916660266,18016.478844880527,27.0,27.0,27.0,1051.0,65535.0,6,./data/raw/Raw_traffic_and_movement_data/group2_order1_user12,,,,,,,
6822.274483920798,18137.80565240682,27.0,27.0,27.0,1051.0,65535.0,7,./data/raw/Raw_traffic_and_movement_data/group2_order1_user12,,,,,,,
6959.689991025525,18397.834567214428,27.0,27.0,27.0,1051.0,65535.0,8,./data/raw/Raw_traffic_and_movement_data/group2_order1_user12,,,,,,,
6870.503569830286,18201.325015079892,27.0,27.0,27.0,1051.0,65535.0,9,./data/raw/Raw_traffic_and_movement_data/group2_order1_user12,,,,,,,
3801.9155765826454,13358.180686020058,27.0,27.0,27.0,1051.0,65535.0,0,./data/raw/Raw_traffic_and_movement_data/group2_order1_user13,,,,,,,
3988.271979931695,13847.300518825132,27.0,27.0,27.0,1051.0,65535.0,1,./data/raw/Raw_traffic_and_movement_data/group2_order1_user13,,,,,,,
4021.1448922191294,13877.639928060247,27.0,27.0,27.0,1051.0,65535.0,2,./data/raw/Raw_traffic_and_movement_data/group2_order1_user13,,,,,,,
4091.395037654164,14053.605837727298,27.0,27.0,27.0,1051.0,65535.0,3,./data/raw/Raw_traffic_and_movement_data/group2_order1_user13,,,,,,,
4063.134117807737,13998.14659880881,27.0,27.0,27.0,1051.0,65535.0,4,./data/raw/Raw_traffic_and_movement_data/group2_order1_user13,,,,,,,
3951.805892678304,13724.71200608574,27.0,27.0,27.0,1051.0,65535.0,5,./data/raw/Raw_traffic_and_movement_data/group2_order1_user13,,,,,,,
3994.5040868543483,13845.245975711667,27.0,27.0,27.0,1051.0,65535.0,6,./data/raw/Raw_traffic_and_movement_data/group2_order1_user13,,,,,,,
4010.245415472234,13904.08391958662,27.0,27.0,27.0,1051.0,65535.0,7,./data/raw/Raw_traffic_and_movement_data/group2_order1_user13,,,,,,,
3963.035277466316,13744.313211173816,27.0,27.0,27.0,1051.0,65535.0,8,./data/raw/Raw_traffic_and_movement_data/group2_order1_user13,,,,,,,
3961.4454173034865,13773.070767377381,27.0,27.0,27.0,1051.0,65535.0,9,./data/raw/Raw_traffic_and_movement_data/group2_order1_user13,,,,,,,
6784.334165995165,17996.781848402854,27.0,27.0,27.0,1051.0,65535.0,0,./data/raw/Raw_traffic_and_movement_data/group2_order1_user14,,,,,,,
7016.748424054433,18413.416055438043,27.0,27.0,27.0,1051.0,65535.0,1,./data/raw/Raw_traffic_and_movement_data/group2_order1_user14,,,,,,,
6956.101128241109,18275.578315359737,27.0,27.0,27.0,1051.0,65535.0,2,./data/raw/Raw_traffic_and_movement_data/group2_order1_user14,,,,,,,
6953.617020242521,18329.689283895757,27.0,27.0,27.0,1051.0,65535.0,3,./data/raw/Raw_traffic_and_movement_data/group2_order1_user14,,,,,,,
6857.295210837627,18112.110455793063,27.0,27.0,27.0,1051.0,65535.0,4,./data/raw/Raw_traffic_and_movement_data/group2_order1_user14,,,,,,,
6953.755924008626,18283.510780675595,27.0,27.0,27.0,1051.0,65535.0,5,./data/raw/Raw_traffic_and_movement_data/group2_order1_user14,,,,,,,
6951.72023470469,18256.14429109438,27.0,27.0,27.0,1051.0,65535.0,6,./data/raw/Raw_traffic_and_movement_data/group2_order1_user14,,,,,,,
6862.0058869652885,18137.562782847774,27.0,27.0,27.0,1051.0,65535.0,7,./data/raw/Raw_traffic_and_movement_data/group2_order1_user14,,,,,,,
6979.944948700195,18338.727976941344,27.0,27.0,27.0,1051.0,65535.0,8,./data/raw/Raw_traffic_and_movement_data/group2_order1_user14,,,,,,,
6873.022918447492,18194.148956708264,27.0,27.0,27.0,1051.0,65535.0,9,./data/raw/Raw_traffic_and_movement_data/group2_order1_user14,,,,,,,
3826.2343701418054,13432.102149971615,27.0,27.0,27.0,1051.0,65535.0,0,./data/raw/Raw_traffic_and_movement_data/group2_order1_user2,,,,,,,
3971.0734952109074,13717.609821691598,27.0,27.0,27.0,1051.0,65535.0,1,./data/raw/Raw_traffic_and_movement_data/group2_order1_user2,,,,,,,
3962.732415802985,13736.200874834058,27.0,27.0,27.0,1051.0,65535.0,2,./data/raw/Raw_traffic_and_movement_data/group2_order1_user2,,,,,,,
3896.264608513695,13584.823148365935,27.0,27.0,27.0,1051.0,65535.0,3,./data/raw/Raw_traffic_and_movement_data/group2_order1_user2,,,,,,,
4010.9914881354807,13867.242709320428,27.0,27.0,27.0,1051.0,65535.0,4,./data/raw/Raw_traffic_and_movement_data/group2_order1_user2,,,,,,,
3939.5193399136338,13721.412566623021,27.0,27.0,27.0,1051.0,65535.0,5,./data/raw/Raw_traffic_and_movement_data/group2_order1_user2,,,,,,,
3910.9788644152236,13624.264206534795,27.0,27.0,27.0,1051.0,65535.0,6,./data/raw/Raw_traffic_and_movement_data/group2_order1_user2,,,,,,,
3979.293161030208,13811.9903875739,27.0,27.0,27.0,1051.0,65535.0,7,./data/raw/Raw_traffic_and_movement_data/group2_order1_user2,,,,,,,
3910.8084162106934,13611.425993308174,27.0,27.0,27.0,1051.0,65535.0,8,./data/raw/Raw_traffic_and_movement_data/group2_order1_user2,,,,,,,
3933.329860824239,13654.027255713509,27.0,27.0,27.0,1051.0,65535.0,9,./data/raw/Raw_traffic_and_movement_data/group2_order1_user2,,,,,,,
6881.265763418447,18250.944521804584,27.0,27.0,27.0,1051.0,65535.0,0,./data/raw/Raw_traffic_and_movement_data/group2_order1_user3,,,,,,,
6785.1581408293905,18040.693812426543,27.0,27.0,27.0,1051.0,65535.0,1,./data/raw/Raw_traffic_and_movement_data/group2_order1_user3,,,,,,,
6755.624731332868,17956.758646860788,27.0,27.0,27.0,1051.0,65535.0,2,./data/raw/Raw_traffic_and_movement_data/group2_order1_user3,,,,,,,
6794.3277191889,18113.151140295824,27.0,27.0,27.0,1051.0,65535.0,3,./data/raw/Raw_traffic_and_movement_data/group2_order1_user3,,,,,,,
6818.04991030917,18164.63446665548,27.0,27.0,27.0,1051.0,65535.0,4,./data/raw/Raw_traffic_and_movement_data/group2_order1_user3,,,,,,,
6693.01245508982,17851.451048910523,27.0,27.0,27.0,1051.0,65535.0,5,./data/raw/Raw_traffic_and_movement_data/group2_order1_user3,,,,,,,
6773.043870637135,18035.45933781126,27.0,27.0,27.0,1051.0,65535.0,6,./data/raw/Raw_traffic_and_movement_data/group2_order1_user3,,,,,,,
6885.032782268285,18223.656811609282,27.0,27.0,27.0,1051.0,65535.0,7,./data/raw/Raw_traffic_and_movement_data/group2_order1_user3,,,,,,,
6718.49067776816,17912.823814063835,27.0,27.0,27.0,1051.0,65535.0,8,./data/raw/Raw_traffic_and_movement_data/group2_order1_user3,,,,,,,
6744.2433656143885,17952.7613272972,27.0,27.0,27.0,1051.0,65535.0,9,./data/raw/Raw_traffic_and_movement_data/group2_order1_user3,,,,,,,
6788.861062745627,18061.71151745524,27.0,27.0,27.0,1051.0,65535.0,0,./data/raw/Raw_traffic_and_movement_data/group2_order1_user4,,,,,,,
6964.752783854001,18431.171218167765,27.0,27.0,27.0,1051.0,65535.0,1,./data/raw/Raw_traffic_and_movement_data/group2_order1_user4,,,,,,,
6813.224478731666,18124.7001971708,27.0,27.0,27.0,1051.0,65535.0,2,./data/raw/Raw_traffic_and_movement_data/group2_order1_user4,,,,,,,
7022.841369324199,18529.192799485347,27.0,27.0,27.0,1051.0,65535.0,3,./data/raw/Raw_traffic_and_movement_data/group2_order1_user4,,,,,,,
6838.161240375547,18185.873938084544,27.0,27.0,27.0,1051.0,65535.0,4,./data/raw/Raw_traffic_and_movement_data/group2_order1_user4,,,,,,,
6818.175583583025,18132.296867563477,27.0,27.0,27.0,1051.0,65535.0,5,./data/raw/Raw_traffic_and_movement_data/group2_order1_user4,,,,,,,
6944.4902992527295,18334.44590965683,27.0,27.0,27.0,1051.0,65535.0,6,./data/raw/Raw_traffic_and_movement_data/group2_order1_user4,,,,,,,
6928.174547905201,18331.32462718798,27.0,27.0,27.0,1051.0,65535.0,7,./data/raw/Raw_traffic_and_movement_data/group2_order1_user4,,,,,,,
6843.4680444069745,18162.090494967397,27.0,27.0,27.0,1051.0,65535.0,8,./data/raw/Raw_traffic_and_movement_data/group2_order1_user4,,,,,,,
6825.259074608589,18114.53693580893,27.0,27.0,27.0,1051.0,65535.0,9,./data/raw/Raw_traffic_and_movement_data/group2_order1_user4,,,,,,,
6620.983995943054,17810.55696935827,27.0,27.0,27.0,1051.0,65535.0,0,./data/raw/Raw_traffic_and_movement_data/group2_order1_user5,,,,,,,
6620.114158790306,17744.62198963785,27.0,27.0,27.0,1051.0,65535.0,1,./data/raw/Raw_traffic_and_movement_data/group2_order1_user5,,,,,,,
6719.685178980088,17938.66233750338,27.0,27.0,27.0,1051.0,65535.0,2,./data/raw/Raw_traffic_and_movement_data/group2_order1_user5,,,,,,,
6730.692685925015,17937.805854157985,27.0,27.0,27.0,1051.0,65535.0,3,./data/raw/Raw_traffic_and_movement_data/group2_order1_user5,,,,,,,
6628.8705162975775,17719.168218158524,27.0,27.0,27.0,1051.0,65535.0,4,./data/raw/Raw_traffic_and_movement_data/group2_order1_user5,,,,,,,
6913.204714940422,18296.787713574493,27.0,27.0,27.0,1051.0,65535.0,5,./data/raw/Raw_traffic_and_movement_data/group2_order1_user5,,,,,,,
6788.966849349703,18070.657268085168,27.0,27.0,27.0,1051.0,65535.0,6,./data/raw/Raw_traffic_and_movement_data/group2_order1_user5,,,,,,,
6724.144976218787,17976.506793727665,27.0,27.0,27.0,1051.0,65535.0,7,./data/raw/Raw_traffic_and_movement_data/group2_order1_user5,,,,,,,
6752.086143651639,18044.5000180674,27.0,27.0,27.0,1051.0,65535.0,8,./data/raw/Raw_traffic_and_movement_data/group2_order1_user5,,,,,,,
6695.2954373296525,17895.130078888822,27.0,27.0,27.0,1051.0,65535.0,9,./data/raw/Raw_traffic_and_movement_data/group2_order1_user5,,,,,,,
6507.3102523524785,17760.80792048137,27.0,27.0,27.0,1051.0,65535.0,0,./data/raw/Raw_traffic_and_movement_data/group2_order1_user6,,,,,,,
6223.300340744785,17141.007891366175,27.0,27.0,27.0,1051.0,65535.0,1,./data/raw/Raw_traffic_and_movement_data/group2_order1_user6,,,,,,,
6467.9332546009255,17590.983428795545,27.0,27.0,27.0,1051.0,65535.0,2,./data/raw/Raw_traffic_and_movement_data/group2_order1_user6,,,,,,,
6579.709821222126,17810.361181418444,27.0,27.0,27.0,1051.0,65535.0,3,./data/raw/Raw_traffic_and_movement_data/group2_order1_user6,,,,,,,
6535.118259648575,17799.955434571697,27.0,27.0,27.0,1051.0,65535.0,4,./data/raw/Raw_traffic_and_movement_data/group2_order1_user6,,,,,,,
6643.783238519172,17996.71876341893,27.0,27.0,27.0,1051.0,65535.0,5,./data/raw/Raw_traffic_and_movement_data/group2_order1_user6,,,,,,,
6591.980018528451,17831.011611763533,27.0,27.0,27.0,1051.0,65535.0,6,./data/raw/Raw_traffic_and_movement_data/group2_order1_user6,,,,,,,
6480.229521961954,17666.86683959461,27.0,27.0,27.0,1051.0,65535.0,7,./data/raw/Raw_traffic_and_movement_data/group2_order1_user6,,,,,,,
6409.296348358807,17581.64248416554,27.0,27.0,27.0,1051.0,65535.0,8,./data/raw/Raw_traffic_and_movement_data/group2_order1_user6,,,,,,,
6585.42222948417,17864.02437671032,27.0,27.0,27.0,1051.0,65535.0,9,./data/raw/Raw_traffic_and_movement_data/group2_order1_user6,,,,,,,
6979.685948469053,18320.415046273203,27.0,27.0,27.0,1051.0,65535.0,0,./data/raw/Raw_traffic_and_movement_data/group2_order1_user7,,,,,,,
7000.278162226286,18385.53588949321,27.0,27.0,27.0,1051.0,65535.0,1,./data/raw/Raw_traffic_and_movement_data/group2_order1_user7,,,,,,,
6938.777684232011,18284.168046482642,27.0,27.0,27.0,1051.0,65535.0,2,./data/raw/Raw_traffic_and_movement_data/group2_order1_user7,,,,,,,
6936.905644663984,18276.923280247986,27.0,27.0,27.0,1051.0,65535.0,3,./data/raw/Raw_traffic_and_movement_data/group2_order1_user7,,,,,,,
6947.058838867231,18256.98442512219,27.0,27.0,27.0,1051.0,65535.0,4,./data/raw/Raw_traffic_and_movement_data/group2_order1_user7,,,,,,,
6980.087690591298,18339.560741544698,27.0,27.0,27.0,1051.0,65535.0,5,./data/raw/Raw_traffic_and_movement_data/group2_order1_user7,,,,,,,
6837.532679799467,18118.4089199329,27.0,27.0,27.0,1051.0,65535.0,6,./data/raw/Raw_traffic_and_movement_data/group2_order1_user7,,,,,,,
6809.923594501538,18017.488300987396,27.0,27.0,27.0,1051.0,65535.0,7,./data/raw/Raw_traffic_and_movement_data/group2_order1_user7,,,,,,,
6895.515359402393,18151.09638509878,27.0,27.0,27.0,1051.0,65535.0,8,./data/raw/Raw_traffic_and_movement_data/group2_order1_user7,,,,,,,
6846.593611856394,18051.825155208873,27.0,27.0,27.0,1051.0,65535.0,9,./data/raw/Raw_traffic_and_movement_data/group2_order1_user7,,,,,,,
6603.4642374256355,17826.019916755457,27.0,27.0,27.0,1051.0,65535.0,0,./data/raw/Raw_traffic_and_movement_data/group2_order1_user8,,,,,,,
6524.065251930242,17782.65412248815,27.0,27.0,27.0,1051.0,65535.0,1,./data/raw/Raw_traffic_and_movement_data/group2_order1_user8,,,,,,,
6575.38334107447,17855.93814368579,27.0,27.0,27.0,1051.0,65535.0,2,./data/raw/Raw_traffic_and_movement_data/group2_order1_user8,,,,,,,
6721.439722486736,18050.96572625809,27.0,27.0,27.0,1051.0,65535.0,3,./data/raw/Raw_traffic_and_movement_data/group2_order1_user8,,,,,,,
6624.964734136297,17912.85173337607,27.0,27.0,27.0,1051.0,65535.0,4,./data/raw/Raw_traffic_and_movement_data/group2_order1_user8,,,,,,,
6630.901913683327,17944.986620603937,27.0,27.0,27.0,1051.0,65535.0,5,./data/raw/Raw_traffic_and_movement_data/group2_order1_user8,,,,,,,
6543.738845958077,17773.622560835138,27.0,27.0,27.0,1051.0,65535.0,6,./data/raw/Raw_traffic_and_movement_data/group2_order1_user8,,,,,,,
6526.988918026503,17768.193743463667,27.0,27.0,27.0,1051.0,65535.0,7,./data/raw/Raw_traffic_and_movement_data/group2_order1_user8,,,,,,,
6399.826232517037,17389.06565883293,27.0,27.0,27.0,1051.0,65535.0,8,./data/raw/Raw_traffic_and_movement_data/group2_order1_user8,,,,,,,
6513.727096332031,17757.784945865304,27.0,27.0,27.0,1051.0,65535.0,9,./data/raw/Raw_traffic_and_movement_data/group2_order1_user8,,,,,,,
6651.970479704797,17954.68000525748,27.0,27.0,27.0,1051.0,65535.0,0,./data/raw/Raw_traffic_and_movement_data/group2_order1_user9,,,,,,,
6734.605853658537,17896.441961388613,27.0,27.0,27.0,1051.0,65535.0,1,./data/raw/Raw_traffic_and_movement_data/group2_order1_user9,,,,,,,
6768.1673896087905,17961.670190405188,27.0,27.0,27.0,1051.0,65535.0,2,./data/raw/Raw_traffic_and_movement_data/group2_order1_user9,,,,,,,
6824.404102626247,18137.849061364883,27.0,27.0,27.0,1051.0,65535.0,3,./data/raw/Raw_traffic_and_movement_data/group2_order1_user9,,,,,,,
6858.525891400606,18141.21195799396,27.0,27.0,27.0,1051.0,65535.0,4,./data/raw/Raw_traffic_and_movement_data/group2_order1_user9,,,,,,,
6788.860064022996,18072.97295905919,27.0,27.0,27.0,1051.0,65535.0,5,./data/raw/Raw_traffic_and_movement_data/group2_order1_user9,,,,,,,
6811.870652887139,18094.4713196755,27.0,27.0,27.0,1051.0,65535.0,6,./data/raw/Raw_traffic_and_movement_data/group2_order1_user9,,,,,,,
6815.174692139797,18109.666830990507,27.0,27.0,27.0,1051.0,65535.0,7,./data/raw/Raw_traffic_and_movement_data/group2_order1_user9,,,,,,,
6788.431236406223,18092.707509547086,27.0,27.0,27.0,1051.0,65535.0,8,./data/raw/Raw_traffic_and_movement_data/group2_order1_user9,,,,,,,
6805.200915879368,18080.346873781396,27.0,27.0,27.0,1051.0,65535.0,9,./data/raw/Raw_traffic_and_movement_data/group2_order1_user9,,,,,,,
6505.652244704515,17422.32669406721,27.0,27.0,27.0,1051.0,65535.0,0,./data/raw/Raw_traffic_and_movement_data/group2_order2_user0,,,,,,,
6433.606184870336,17268.677532739934,27.0,27.0,27.0,1051.0,65535.0,1,./data/raw/Raw_traffic_and_movement_data/group2_order2_user0,,,,,,,
6395.736973685272,17340.239966516954,27.0,27.0,27.0,1051.0,65535.0,2,./data/raw/Raw_traffic_and_movement_data/group2_order2_user0,,,,,,,
6442.302615794358,17401.017125306986,27.0,27.0,27.0,1051.0,65535.0,3,./data/raw/Raw_traffic_and_movement_data/group2_order2_user0,,,,,,,
6495.18875567801,17487.943515033894,27.0,27.0,27.0,1051.0,65535.0,4,./data/raw/Raw_traffic_and_movement_data/group2_order2_user0,,,,,,,
6493.617719114422,17467.777407430855,27.0,27.0,27.0,1051.0,65535.0,5,./data/raw/Raw_traffic_and_movement_data/group2_order2_user0,,,,,,,
6414.2435416343615,17220.034292386674,27.0,27.0,27.0,1051.0,65535.0,6,./data/raw/Raw_traffic_and_movement_data/group2_order2_user0,,,,,,,
6493.343560473694,17485.284046728015,27.0,27.0,27.0,1051.0,65535.0,7,./data/raw/Raw_traffic_and_movement_data/group2_order2_user0,,,,,,,
6406.795811768453,17363.065819891963,27.0,27.0,27.0,1051.0,65535.0,8,./data/raw/Raw_traffic_and_movement_data/group2_order2_user0,,,,,,,
6457.106547415002,17428.78256152624,27.0,27.0,27.0,1051.0,65535.0,9,./data/raw/Raw_traffic_and_movement_data/group2_order2_user0,,,,,,,
6268.3410945134065,16911.576692640538,27.0,27.0,27.0,1051.0,65535.0,0,./data/raw/Raw_traffic_and_movement_data/group2_order2_user1,,,,,,,
6368.181819519012,17086.499305633693,27.0,27.0,27.0,1051.0,65535.0,1,./data/raw/Raw_traffic_and_movement_data/group2_order2_user1,,,,,,,
6477.590160113735,17344.85621132969,27.0,27.0,27.0,1051.0,65535.0,2,./data/raw/Raw_traffic_and_movement_data/group2_order2_user1,,,,,,,
6511.682303024031,17451.502949787253,27.0,27.0,27.0,1051.0,65535.0,3,./data/raw/Raw_traffic_and_movement_data/group2_order2_user1,,,,,,,
6494.839543369317,17408.002780176143,27.0,27.0,27.0,1051.0,65535.0,4,./data/raw/Raw_traffic_and_movement_data/group2_order2_user1,,,,,,,
6458.636674567219,17360.787628854967,27.0,27.0,27.0,1051.0,65535.0,5,./data/raw/Raw_traffic_and_movement_data/group2_order2_user1,,,,,,,
6524.874937133278,17473.010269426406,27.0,27.0,27.0,1051.0,65535.0,6,./data/raw/Raw_traffic_and_movement_data/group2_order2_user1,,,,,,,
6441.193991970837,17347.326713333685,27.0,27.0,27.0,1051.0,65535.0,7,./data/raw/Raw_traffic_and_movement_data/group2_order2_user1,,,,,,,
6454.550005288367,17358.040880269058,27.0,27.0,27.0,1051.0,65535.0,8,./data/raw/Raw_traffic_and_movement_data/group2_order2_user1,,,,,,,
6502.907664962667,17500.365438236095,27.0,27.0,27.0,1051.0,65535.0,9,./data/raw/Raw_traffic_and_movement_data/group2_order2_user1,,,,,,,
6478.24336593743,17309.3912945256,27.0,27.0,27.0,1051.0,65535.0,0,./data/raw/Raw_traffic_and_movement_data/group2_order2_user10,,,,,,,
6455.211357243582,17321.641828829564,27.0,27.0,27.0,1051.0,65535.0,1,./data/raw/Raw_traffic_and_movement_data/group2_order2_user10,,,,,,,
6511.890669908523,17444.520007463947,27.0,27.0,27.0,1051.0,65535.0,2,./data/raw/Raw_traffic_and_movement_data/group2_order2_user10,,,,,,,
6598.467538074467,17664.52013300437,27.0,27.0,27.0,1051.0,65535.0,3,./data/raw/Raw_traffic_and_movement_data/group2_order2_user10,,,,,,,
6499.766853976068,17500.509761381563,27.0,27.0,27.0,1051.0,65535.0,4,./data/raw/Raw_traffic_and_movement_data/group2_order2_user10,,,,,,,
6521.432413851055,17523.542997454857,27.0,27.0,27.0,1051.0,65535.0,5,./data/raw/Raw_traffic_and_movement_data/group2_order2_user10,,,,,,,
6552.4160511479395,17641.079800249558,27.0,27.0,27.0,1051.0,65535.0,6,./data/raw/Raw_traffic_and_movement_data/group2_order2_user10,,,,,,,
6533.088680135739,17616.315423556694,27.0,27.0,27.0,1051.0,65535.0,7,./data/raw/Raw_traffic_and_movement_data/group2_order2_user10,,,,,,,
6573.202993423989,17638.78400503439,27.0,27.0,27.0,1051.0,65535.0,8,./data/raw/Raw_traffic_and_movement_data/group2_order2_user10,,,,,,,
6309.250882436993,16988.802420490098,27.0,27.0,27.0,1051.0,65535.0,9,./data/raw/Raw_traffic_and_movement_data/group2_order2_user10,,,,,,,
6239.39874050128,16877.32177998483,27.0,27.0,27.0,1051.0,65535.0,0,./data/raw/Raw_traffic_and_movement_data/group2_order2_user11,,,,,,,
6401.213999403182,17306.562785680813,27.0,27.0,27.0,1051.0,65535.0,1,./data/raw/Raw_traffic_and_movement_data/group2_order2_user11,,,,,,,
6444.152688242416,17427.869532689107,27.0,27.0,27.0,1051.0,65535.0,2,./data/raw/Raw_traffic_and_movement_data/group2_order2_user11,,,,,,,
6265.550058029945,17010.41096758977,27.0,27.0,27.0,1051.0,65535.0,3,./data/raw/Raw_traffic_and_movement_data/group2_order2_user11,,,,,,,
6434.42472128755,17437.82355140842,27.0,27.0,27.0,1051.0,65535.0,4,./data/raw/Raw_traffic_and_movement_data/group2_order2_user11,,,,,,,
6355.748914835627,17261.60281489434,27.0,27.0,27.0,1051.0,65535.0,5,./data/raw/Raw_traffic_and_movement_data/group2_order2_user11,,,,,,,
6377.066206667221,17405.400221359112,27.0,27.0,27.0,1051.0,65535.0,6,./data/raw/Raw_traffic_and_movement_data/group2_order2_user11,,,,,,,
6459.935220018931,17471.27188210214,27.0,27.0,27.0,1051.0,65535.0,7,./data/raw/Raw_traffic_and_movement_data/group2_order2_user11,,,,,,,
6331.058185682736,17170.929103789418,27.0,27.0,27.0,1051.0,65535.0,8,./data/raw/Raw_traffic_and_movement_data/group2_order2_user11,,,,,,,
6435.383407963014,17438.356532757887,27.0,27.0,27.0,1051.0,65535.0,9,./data/raw/Raw_traffic_and_movement_data/group2_order2_user11,,,,,,,
6483.128698948398,17420.28522380241,27.0,27.0,27.0,1051.0,65535.0,0,./data/raw/Raw_traffic_and_movement_data/group2_order2_user12,,,,,,,
6509.918392093162,17489.657296398986,27.0,27.0,27.0,1051.0,65535.0,1,./data/raw/Raw_traffic_and_movement_data/group2_order2_user12,,,,,,,
6418.803194726567,17380.912595881204,27.0,27.0,27.0,1051.0,65535.0,2,./data/raw/Raw_traffic_and_movement_data/group2_order2_user12,,,,,,,
6483.605288454203,17516.735091847073,27.0,27.0,27.0,1051.0,65535.0,3,./data/raw/Raw_traffic_and_movement_data/group2_order2_user12,,,,,,,
6517.742000665805,17499.85933176871,27.0,27.0,27.0,1051.0,65535.0,4,./data/raw/Raw_traffic_and_movement_data/group2_order2_user12,,,,,,,
6394.895433132368,17362.379930898212,27.0,27.0,27.0,1051.0,65535.0,5,./data/raw/Raw_traffic_and_movement_data/group2_order2_user12,,,,,,,
6479.265244928795,17523.355565059355,27.0,27.0,27.0,1051.0,65535.0,6,./data/raw/Raw_traffic_and_movement_data/group2_order2_user12,,,,,,,
6404.590392586405,17278.09716580345,27.0,27.0,27.0,1051.0,65535.0,7,./data/raw/Raw_traffic_and_movement_data/group2_order2_user12,,,,,,,
6482.36169184855,17571.197640601462,27.0,27.0,27.0,1051.0,65535.0,8,./data/raw/Raw_traffic_and_movement_data/group2_order2_user12,,,,,,,
6510.738315999028,17624.607973459464,27.0,27.0,27.0,1051.0,65535.0,9,./data/raw/Raw_traffic_and_movement_data/group2_order2_user12,,,,,,,
6368.651948201356,17083.78786707023,27.0,27.0,27.0,1051.0,65535.0,0,./data/raw/Raw_traffic_and_movement_data/group2_order2_user13,,,,,,,
6562.55969190339,17593.494908868717,27.0,27.0,27.0,1051.0,65535.0,1,./data/raw/Raw_traffic_and_movement_data/group2_order2_user13,,,,,,,
6468.902319833736,17361.762238014893,27.0,27.0,27.0,1051.0,65535.0,2,./data/raw/Raw_traffic_and_movement_data/group2_order2_user13,,,,,,,
6516.347579203319,17424.282318520098,27.0,27.0,27.0,1051.0,65535.0,3,./data/raw/Raw_traffic_and_movement_data/group2_order2_user13,,,,,,,
6510.511198823065,17472.01910602194,27.0,27.0,27.0,1051.0,65535.0,4,./data/raw/Raw_traffic_and_movement_data/group2_order2_user13,,,,,,,
6626.164670030184,17727.160219141693,27.0,27.0,27.0,1051.0,65535.0,5,./data/raw/Raw_traffic_and_movement_data/group2_order2_user13,,,,,,,
6648.080545125268,17725.787264378712,27.0,27.0,27.0,1051.0,65535.0,6,./data/raw/Raw_traffic_and_movement_data/group2_order2_user13,,,,,,,
6461.054055719921,17407.250717039562,27.0,27.0,27.0,1051.0,65535.0,7,./data/raw/Raw_traffic_and_movement_data/group2_order2_user13,,,,,,,
6591.9010753159155,17691.20374780199,27.0,27.0,27.0,1051.0,65535.0,8,./data/raw/Raw_traffic_and_movement_data/group2_order2_user13,,,,,,,
6643.695943959676,17755.754051268512,27.0,27.0,27.0,1051.0,65535.0,9,./data/raw/Raw_traffic_and_movement_data/group2_order2_user13,,,,,,,
6419.299295537909,17243.09340652871,27.0,27.0,27.0,1051.0,65535.0,0,./data/raw/Raw_traffic_and_movement_data/group2_order2_user14,,,,,,,
6465.869369964337,17359.92508577143,27.0,27.0,27.0,1051.0,65535.0,1,./data/raw/Raw_traffic_and_movement_data/group2_order2_user14,,,,,,,
6501.441327931378,17419.21768573574,27.0,27.0,27.0,1051.0,65535.0,2,./data/raw/Raw_traffic_and_movement_data/group2_order2_user14,,,,,,,
6498.873005834745,17500.595230582767,27.0,27.0,27.0,1051.0,65535.0,3,./data/raw/Raw_traffic_and_movement_data/group2_order2_user14,,,,,,,
6464.7767302935545,17540.409772955012,27.0,27.0,27.0,1051.0,65535.0,4,./data/raw/Raw_traffic_and_movement_data/group2_order2_user14,,,,,,,
6492.263939950981,17513.79193225432,27.0,27.0,27.0,1051.0,65535.0,5,./data/raw/Raw_traffic_and_movement_data/group2_order2_user14,,,,,,,
6441.246127997556,17468.620536852388,27.0,27.0,27.0,1051.0,65535.0,6,./data/raw/Raw_traffic_and_movement_data/group2_order2_user14,,,,,,,
6509.156106293016,17533.15856639894,27.0,27.0,27.0,1051.0,65535.0,7,./data/raw/Raw_traffic_and_movement_data/group2_order2_user14,,,,,,,
6423.171961292608,17397.24253378685,27.0,27.0,27.0,1051.0,65535.0,8,./data/raw/Raw_traffic_and_movement_data/group2_order2_user14,,,,,,,
6505.499861899647,17421.984006591058,27.0,27.0,27.0,1051.0,65535.0,9,./data/raw/Raw_traffic_and_movement_data/group2_order2_user14,,,,,,,
6145.050062748024,16787.060561050825,27.0,27.0,27.0,1051.0,65535.0,0,./data/raw/Raw_traffic_and_movement_data/group2_order2_user2,,,,,,,
6357.0334981866135,17281.93139624854,27.0,27.0,27.0,1051.0,65535.0,1,./data/raw/Raw_traffic_and_movement_data/group2_order2_user2,,,,,,,
6274.745870877363,17171.56967822392,27.0,27.0,27.0,1051.0,65535.0,2,./data/raw/Raw_traffic_and_movement_data/group2_order2_user2,,,,,,,
6257.309695745918,17081.00581680913,27.0,27.0,27.0,1051.0,65535.0,3,./data/raw/Raw_traffic_and_movement_data/group2_order2_user2,,,,,,,
6225.744746666666,17130.40203931872,27.0,27.0,27.0,1051.0,65535.0,4,./data/raw/Raw_traffic_and_movement_data/group2_order2_user2,,,,,,,
6261.236522389256,17188.390579183546,27.0,27.0,27.0,1051.0,65535.0,5,./data/raw/Raw_traffic_and_movement_data/group2_order2_user2,,,,,,,
6271.736180375079,17129.042663984397,27.0,27.0,27.0,1051.0,65535.0,6,./data/raw/Raw_traffic_and_movement_data/group2_order2_user2,,,,,,,
6292.507606762334,17207.683207477887,27.0,27.0,27.0,1051.0,65535.0,7,./data/raw/Raw_traffic_and_movement_data/group2_order2_user2,,,,,,,
6171.882794870633,17053.371498610853,27.0,27.0,27.0,1051.0,65535.0,8,./data/raw/Raw_traffic_and_movement_data/group2_order2_user2,,,,,,,
6183.117732687153,16998.12707400502,27.0,27.0,27.0,1051.0,65535.0,9,./data/raw/Raw_traffic_and_movement_data/group2_order2_user2,,,,,,,
6333.37695058906,17085.187486411283,27.0,27.0,27.0,1051.0,65535.0,0,./data/raw/Raw_traffic_and_movement_data/group2_order2_user3,,,,,,,
6362.92392629725,17237.67426490852,27.0,27.0,27.0,1051.0,65535.0,1,./data/raw/Raw_traffic_and_movement_data/group2_order2_user3,,,,,,,
6396.517850706233,17359.482038196416,27.0,27.0,27.0,1051.0,65535.0,2,./data/raw/Raw_traffic_and_movement_data/group2_order2_user3,,,,,,,
6413.793505677227,17396.033109495813,27.0,27.0,27.0,1051.0,65535.0,3,./data/raw/Raw_traffic_and_movement_data/group2_order2_user3,,,,,,,
6371.8467075179105,17301.462202000544,27.0,27.0,27.0,1051.0,65535.0,4,./data/raw/Raw_traffic_and_movement_data/group2_order2_user3,,,,,,,
6346.724355330474,17290.66891016888,27.0,27.0,27.0,1051.0,65535.0,5,./data/raw/Raw_traffic_and_movement_data/group2_order2_user3,,,,,,,
6411.668579059301,17282.86509595305,27.0,27.0,27.0,1051.0,65535.0,6,./data/raw/Raw_traffic_and_movement_data/group2_order2_user3,,,,,,,
6347.3209444249915,17254.902694616478,27.0,27.0,27.0,1051.0,65535.0,7,./data/raw/Raw_traffic_and_movement_data/group2_order2_user3,,,,,,,
6409.814116798729,17399.7416895452,27.0,27.0,27.0,1051.0,65535.0,8,./data/raw/Raw_traffic_and_movement_data/group2_order2_user3,,,,,,,
6417.675829439155,17493.5672369316,27.0,27.0,27.0,1051.0,65535.0,9,./data/raw/Raw_traffic_and_movement_data/group2_order2_user3,,,,,,,
6242.831289728716,16998.88242366334,27.0,27.0,27.0,1051.0,65535.0,0,./data/raw/Raw_traffic_and_movement_data/group2_order2_user4,,,,,,,
6289.785388127854,17121.7714729496,27.0,27.0,27.0,1051.0,65535.0,1,./data/raw/Raw_traffic_and_movement_data/group2_order2_user4,,,,,,,
6310.156440345504,17204.13614197211,27.0,27.0,27.0,1051.0,65535.0,2,./data/raw/Raw_traffic_and_movement_data/group2_order2_user4,,,,,,,
6309.928835536646,17252.769060594423,27.0,27.0,27.0,1051.0,65535.0,3,./data/raw/Raw_traffic_and_movement_data/group2_order2_user4,,,,,,,
6390.319384705111,17316.53690765355,27.0,27.0,27.0,1051.0,65535.0,4,./data/raw/Raw_traffic_and_movement_data/group2_order2_user4,,,,,,,
6308.881407731267,17231.395983355946,27.0,27.0,27.0,1051.0,65535.0,5,./data/raw/Raw_traffic_and_movement_data/group2_order2_user4,,,,,,,
6336.012582936946,17253.450796554178,27.0,27.0,27.0,1051.0,65535.0,6,./data/raw/Raw_traffic_and_movement_data/group2_order2_user4,,,,,,,
6301.430311503269,17243.657918859313,27.0,27.0,27.0,1051.0,65535.0,7,./data/raw/Raw_traffic_and_movement_data/group2_order2_user4,,,,,,,
6235.895240774605,17163.23249798394,27.0,27.0,27.0,1051.0,65535.0,8,./data/raw/Raw_traffic_and_movement_data/group2_order2_user4,,,,,,,
6279.626600070494,17140.53533145661,27.0,27.0,27.0,1051.0,65535.0,9,./data/raw/Raw_traffic_and_movement_data/group2_order2_user4,,,,,,,
6422.607515214059,17215.937285897686,27.0,27.0,27.0,1051.0,65535.0,0,./data/raw/Raw_traffic_and_movement_data/group2_order2_user5,,,,,,,
6498.093127949232,17495.177289898886,27.0,27.0,27.0,1051.0,65535.0,1,./data/raw/Raw_traffic_and_movement_data/group2_order2_user5,,,,,,,
6417.270335966664,17296.28966105394,27.0,27.0,27.0,1051.0,65535.0,2,./data/raw/Raw_traffic_and_movement_data/group2_order2_user5,,,,,,,
6442.8216263389995,17386.8381887381,27.0,27.0,27.0,1051.0,65535.0,3,./data/raw/Raw_traffic_and_movement_data/group2_order2_user5,,,,,,,
6533.750660243091,17540.04355706828,27.0,27.0,27.0,1051.0,65535.0,4,./data/raw/Raw_traffic_and_movement_data/group2_order2_user5,,,,,,,
6480.730318731355,17445.880558727044,27.0,27.0,27.0,1051.0,65535.0,5,./data/raw/Raw_traffic_and_movement_data/group2_order2_user5,,,,,,,
6379.553600280159,17241.56613453671,27.0,27.0,27.0,1051.0,65535.0,6,./data/raw/Raw_traffic_and_movement_data/group2_order2_user5,,,,,,,
6504.63716654509,17507.887823385165,27.0,27.0,27.0,1051.0,65535.0,7,./data/raw/Raw_traffic_and_movement_data/group2_order2_user5,,,,,,,
6430.547854626188,17376.73515931768,27.0,27.0,27.0,1051.0,65535.0,8,./data/raw/Raw_traffic_and_movement_data/group2_order2_user5,,,,,,,
6417.838332434355,17329.592596639803,27.0,27.0,27.0,1051.0,65535.0,9,./data/raw/Raw_traffic_and_movement_data/group2_order2_user5,,,,,,,
6503.148156498581,17312.65610308971,27.0,27.0,27.0,1051.0,65535.0,0,./data/raw/Raw_traffic_and_movement_data/group2_order2_user6,,,,,,,
6580.472389018814,17525.30870257133,27.0,27.0,27.0,1051.0,65535.0,1,./data/raw/Raw_traffic_and_movement_data/group2_order2_user6,,,,,,,
6640.935107846335,17717.974135907174,27.0,27.0,27.0,1051.0,65535.0,2,./data/raw/Raw_traffic_and_movement_data/group2_order2_user6,,,,,,,
6556.215665007722,17481.178581858036,27.0,27.0,27.0,1051.0,65535.0,3,./data/raw/Raw_traffic_and_movement_data/group2_order2_user6,,,,,,,
6558.719459799874,17510.726007434343,27.0,27.0,27.0,1051.0,65535.0,4,./data/raw/Raw_traffic_and_movement_data/group2_order2_user6,,,,,,,
6688.946848244156,17867.831779229946,27.0,27.0,27.0,1051.0,65535.0,5,./data/raw/Raw_traffic_and_movement_data/group2_order2_user6,,,,,,,
6632.451314181577,17705.592624318135,27.0,27.0,27.0,1051.0,65535.0,6,./data/raw/Raw_traffic_and_movement_data/group2_order2_user6,,,,,,,
6650.059186591357,17755.573447149953,27.0,27.0,27.0,1051.0,65535.0,7,./data/raw/Raw_traffic_and_movement_data/group2_order2_user6,,,,,,,
6657.446965319956,17819.884240927364,27.0,27.0,27.0,1051.0,65535.0,8,./data/raw/Raw_traffic_and_movement_data/group2_order2_user6,,,,,,,
6516.101224707884,17413.180020694843,27.0,27.0,27.0,1051.0,65535.0,9,./data/raw/Raw_traffic_and_movement_data/group2_order2_user6,,,,,,,
6443.043166660386,17307.300506392694,27.0,27.0,27.0,1051.0,65535.0,0,./data/raw/Raw_traffic_and_movement_data/group2_order2_user7,,,,,,,
6502.709752717734,17420.183867440213,27.0,27.0,27.0,1051.0,65535.0,1,./data/raw/Raw_traffic_and_movement_data/group2_order2_user7,,,,,,,
6507.457407550374,17521.856622592444,27.0,27.0,27.0,1051.0,65535.0,2,./data/raw/Raw_traffic_and_movement_data/group2_order2_user7,,,,,,,
6521.254470622695,17548.841205647997,27.0,27.0,27.0,1051.0,65535.0,3,./data/raw/Raw_traffic_and_movement_data/group2_order2_user7,,,,,,,
6497.948489186366,17513.310286401273,27.0,27.0,27.0,1051.0,65535.0,4,./data/raw/Raw_traffic_and_movement_data/group2_order2_user7,,,,,,,
6627.525846142612,17736.425306522437,27.0,27.0,27.0,1051.0,65535.0,5,./data/raw/Raw_traffic_and_movement_data/group2_order2_user7,,,,,,,
6574.823026720126,17652.17854289002,27.0,27.0,27.0,1051.0,65535.0,6,./data/raw/Raw_traffic_and_movement_data/group2_order2_user7,,,,,,,
6505.918454935622,17485.428463577573,27.0,27.0,27.0,1051.0,65535.0,7,./data/raw/Raw_traffic_and_movement_data/group2_order2_user7,,,,,,,
6529.376237018937,17618.22142709173,27.0,27.0,27.0,1051.0,65535.0,8,./data/raw/Raw_traffic_and_movement_data/group2_order2_user7,,,,,,,
6479.721398808365,17418.87370173974,27.0,27.0,27.0,1051.0,65535.0,9,./data/raw/Raw_traffic_and_movement_data/group2_order2_user7,,,,,,,
6433.233185442634,17285.984314566318,27.0,27.0,27.0,1051.0,65535.0,0,./data/raw/Raw_traffic_and_movement_data/group2_order2_user8,,,,,,,
6515.679043333409,17511.217380982856,27.0,27.0,27.0,1051.0,65535.0,1,./data/raw/Raw_traffic_and_movement_data/group2_order2_user8,,,,,,,
6481.134131698685,17486.47086988847,27.0,27.0,27.0,1051.0,65535.0,2,./data/raw/Raw_traffic_and_movement_data/group2_order2_user8,,,,,,,
6494.690325617889,17578.362304563496,27.0,27.0,27.0,1051.0,65535.0,3,./data/raw/Raw_traffic_and_movement_data/group2_order2_user8,,,,,,,
6491.604126010594,17506.81782537376,27.0,27.0,27.0,1051.0,65535.0,4,./data/raw/Raw_traffic_and_movement_data/group2_order2_user8,,,,,,,
6504.245743766122,17529.197577515097,27.0,27.0,27.0,1051.0,65535.0,5,./data/raw/Raw_traffic_and_movement_data/group2_order2_user8,,,,,,,
6466.073980309423,17431.86531953104,27.0,27.0,27.0,1051.0,65535.0,6,./data/raw/Raw_traffic_and_movement_data/group2_order2_user8,,,,,,,
6459.398623955133,17390.23506022084,27.0,27.0,27.0,1051.0,65535.0,7,./data/raw/Raw_traffic_and_movement_data/group2_order2_user8,,,,,,,
6425.8233801228225,17377.91244158813,27.0,27.0,27.0,1051.0,65535.0,8,./data/raw/Raw_traffic_and_movement_data/group2_order2_user8,,,,,,,
6545.478808951246,17607.77456443247,27.0,27.0,27.0,1051.0,65535.0,9,./data/raw/Raw_traffic_and_movement_data/group2_order2_user8,,,,,,,
6384.335243319795,17213.374795104795,27.0,27.0,27.0,1051.0,65535.0,0,./data/raw/Raw_traffic_and_movement_data/group2_order2_user9,,,,,,,
6304.48798583942,17126.637028848512,27.0,27.0,27.0,1051.0,65535.0,1,./data/raw/Raw_traffic_and_movement_data/group2_order2_user9,,,,,,,
6342.18902060732,17241.984927667632,27.0,27.0,27.0,1051.0,65535.0,2,./data/raw/Raw_traffic_and_movement_data/group2_order2_user9,,,,,,,
6369.824033329429,17321.931195322253,27.0,27.0,27.0,1051.0,65535.0,3,./data/raw/Raw_traffic_and_movement_data/group2_order2_user9,,,,,,,
6372.97886129067,17327.86748194535,27.0,27.0,27.0,1051.0,65535.0,4,./data/raw/Raw_traffic_and_movement_data/group2_order2_user9,,,,,,,
6366.540784616009,17245.71648979512,27.0,27.0,27.0,1051.0,65535.0,5,./data/raw/Raw_traffic_and_movement_data/group2_order2_user9,,,,,,,
6295.78539138105,17186.38124713799,27.0,27.0,27.0,1051.0,65535.0,6,./data/raw/Raw_traffic_and_movement_data/group2_order2_user9,,,,,,,
6340.9416448288275,17267.41616773694,27.0,27.0,27.0,1051.0,65535.0,7,./data/raw/Raw_traffic_and_movement_data/group2_order2_user9,,,,,,,
6268.8558031079265,17133.18069998834,27.0,27.0,27.0,1051.0,65535.0,8,./data/raw/Raw_traffic_and_movement_data/group2_order2_user9,,,,,,,
6285.961894953656,17151.51376229547,27.0,27.0,27.0,1051.0,65535.0,9,./data/raw/Raw_traffic_and_movement_data/group2_order2_user9,,,,,,,
