size_mean,size_std,size_min,size_25%,size_50%,size_75%,size_max,minute,ID
6925.223103389376,18131.417431413014,27.0,27.0,27.0,1051.0,65535.0,0,./data/raw/Raw_traffic_and_movement_data/group1_order1_user0
6981.800777699223,18326.877123954146,27.0,27.0,27.0,1051.0,65535.0,1,./data/raw/Raw_traffic_and_movement_data/group1_order1_user0
6976.063191835076,18329.399315110702,27.0,27.0,27.0,1051.0,65535.0,2,./data/raw/Raw_traffic_and_movement_data/group1_order1_user0
7000.483447086542,18278.88789523595,27.0,27.0,27.0,1051.0,65535.0,3,./data/raw/Raw_traffic_and_movement_data/group1_order1_user0
7019.639787712892,18363.470159174867,27.0,27.0,27.0,1051.0,65535.0,4,./data/raw/Raw_traffic_and_movement_data/group1_order1_user0
7012.2584716384945,18341.64827921128,27.0,27.0,27.0,1051.0,65535.0,5,./data/raw/Raw_traffic_and_movement_data/group1_order1_user0
6981.8065056557625,18248.765712475328,27.0,27.0,27.0,1051.0,65535.0,6,./data/raw/Raw_traffic_and_movement_data/group1_order1_user0
6989.223744741568,18296.41782584166,27.0,27.0,27.0,1051.0,65535.0,7,./data/raw/Raw_traffic_and_movement_data/group1_order1_user0
6865.821971028435,18124.305939350375,27.0,27.0,27.0,1051.0,65535.0,8,./data/raw/Raw_traffic_and_movement_data/group1_order1_user0
7056.373491977415,18499.322103970022,27.0,27.0,27.0,1051.0,65535.0,9,./data/raw/Raw_traffic_and_movement_data/group1_order1_user0
6804.244909141306,17931.230110049648,27.0,27.0,27.0,1051.0,65535.0,0,./data/raw/Raw_traffic_and_movement_data/group1_order1_user1
6762.335087740872,17707.953246465335,27.0,27.0,27.0,1051.0,65535.0,1,./data/raw/Raw_traffic_and_movement_data/group1_order1_user1
6857.611682183549,17950.022277115782,27.0,27.0,27.0,1051.0,65535.0,2,./data/raw/Raw_traffic_and_movement_data/group1_order1_user1
6892.743560050904,18051.86477921661,27.0,27.0,27.0,1051.0,65535.0,3,./data/raw/Raw_traffic_and_movement_data/group1_order1_user1
6797.170018561514,17835.230492457114,27.0,27.0,27.0,1051.0,65535.0,4,./data/raw/Raw_traffic_and_movement_data/group1_order1_user1
6989.525850037481,18297.178255340554,27.0,27.0,27.0,1051.0,65535.0,5,./data/raw/Raw_traffic_and_movement_data/group1_order1_user1
6975.126685534553,18269.49930996892,27.0,27.0,27.0,1051.0,65535.0,6,./data/raw/Raw_traffic_and_movement_data/group1_order1_user1
6830.494177460204,18125.353696793045,27.0,27.0,27.0,1051.0,65535.0,7,./data/raw/Raw_traffic_and_movement_data/group1_order1_user1
7099.165050620277,18492.00511954419,27.0,27.0,27.0,1051.0,65535.0,8,./data/raw/Raw_traffic_and_movement_data/group1_order1_user1
7051.254682204833,18445.499986222618,27.0,27.0,27.0,1051.0,65535.0,9,./data/raw/Raw_traffic_and_movement_data/group1_order1_user1
6974.3750163443365,18228.264136312093,27.0,27.0,27.0,1051.0,65535.0,0,./data/raw/Raw_traffic_and_movement_data/group1_order1_user10
7002.092337776072,18332.05433809677,27.0,27.0,27.0,1051.0,65535.0,1,./data/raw/Raw_traffic_and_movement_data/group1_order1_user10
6972.931097641799,18206.28451879521,27.0,27.0,27.0,1051.0,65535.0,2,./data/raw/Raw_traffic_and_movement_data/group1_order1_user10
6826.7195068278415,17827.227007695543,27.0,27.0,27.0,1051.0,65535.0,3,./data/raw/Raw_traffic_and_movement_data/group1_order1_user10
6968.642067954045,18228.573262523365,27.0,27.0,27.0,1051.0,65535.0,4,./data/raw/Raw_traffic_and_movement_data/group1_order1_user10
6938.57582067098,18307.36636476866,27.0,27.0,27.0,1051.0,65535.0,5,./data/raw/Raw_traffic_and_movement_data/group1_order1_user10
7016.817310049203,18341.728593629305,27.0,27.0,27.0,1051.0,65535.0,6,./data/raw/Raw_traffic_and_movement_data/group1_order1_user10
6891.107470736042,18054.024836675235,27.0,27.0,27.0,1051.0,65535.0,7,./data/raw/Raw_traffic_and_movement_data/group1_order1_user10
7042.773623127242,18431.840892837095,27.0,27.0,27.0,1051.0,65535.0,8,./data/raw/Raw_traffic_and_movement_data/group1_order1_user10
6970.297150760719,18262.750465518955,27.0,27.0,27.0,1051.0,65535.0,9,./data/raw/Raw_traffic_and_movement_data/group1_order1_user10
7109.499030515814,18581.808709335004,27.0,27.0,27.0,1051.0,65535.0,0,./data/raw/Raw_traffic_and_movement_data/group1_order1_user11
7011.613592756741,18342.546978627342,27.0,27.0,27.0,1051.0,65535.0,1,./data/raw/Raw_traffic_and_movement_data/group1_order1_user11
6878.652155937644,18007.546291900497,27.0,27.0,27.0,1051.0,65535.0,2,./data/raw/Raw_traffic_and_movement_data/group1_order1_user11
6910.4041254186595,18129.370236969564,27.0,27.0,27.0,1051.0,65535.0,3,./data/raw/Raw_traffic_and_movement_data/group1_order1_user11
6982.848400804363,18301.217176141537,27.0,27.0,27.0,1051.0,65535.0,4,./data/raw/Raw_traffic_and_movement_data/group1_order1_user11
6947.267194346996,18258.447078857418,27.0,27.0,27.0,1051.0,65535.0,5,./data/raw/Raw_traffic_and_movement_data/group1_order1_user11
7057.771999204099,18486.90470051682,27.0,27.0,27.0,1051.0,65535.0,6,./data/raw/Raw_traffic_and_movement_data/group1_order1_user11
7043.921368543793,18443.866127978825,27.0,27.0,27.0,1051.0,65535.0,7,./data/raw/Raw_traffic_and_movement_data/group1_order1_user11
6957.265301395746,18224.682781457657,27.0,27.0,27.0,1051.0,65535.0,8,./data/raw/Raw_traffic_and_movement_data/group1_order1_user11
6964.609081690698,18256.805926313176,27.0,27.0,27.0,1051.0,65535.0,9,./data/raw/Raw_traffic_and_movement_data/group1_order1_user11
6610.203957168152,17733.741087121416,27.0,27.0,27.0,1051.0,65535.0,0,./data/raw/Raw_traffic_and_movement_data/group1_order1_user12
6593.144282003815,17557.38009089655,27.0,27.0,27.0,1051.0,65535.0,1,./data/raw/Raw_traffic_and_movement_data/group1_order1_user12
6694.562214727926,17802.312592963837,27.0,27.0,27.0,1051.0,65535.0,2,./data/raw/Raw_traffic_and_movement_data/group1_order1_user12
6690.303612671438,17819.227227860214,27.0,27.0,27.0,1051.0,65535.0,3,./data/raw/Raw_traffic_and_movement_data/group1_order1_user12
6870.776948107553,18190.460566070004,27.0,27.0,27.0,1051.0,65535.0,4,./data/raw/Raw_traffic_and_movement_data/group1_order1_user12
6836.2531546748805,18181.56726960701,27.0,27.0,27.0,1051.0,65535.0,5,./data/raw/Raw_traffic_and_movement_data/group1_order1_user12
6648.0437189726645,17829.491844785378,27.0,27.0,27.0,1051.0,65535.0,6,./data/raw/Raw_traffic_and_movement_data/group1_order1_user12
6736.23597785198,17938.76184571139,27.0,27.0,27.0,1051.0,65535.0,7,./data/raw/Raw_traffic_and_movement_data/group1_order1_user12
6756.599348080459,17910.561427514443,27.0,27.0,27.0,1051.0,65535.0,8,./data/raw/Raw_traffic_and_movement_data/group1_order1_user12
6767.57757037397,18061.81762587058,27.0,27.0,27.0,1051.0,65535.0,9,./data/raw/Raw_traffic_and_movement_data/group1_order1_user12
3980.9635130808206,13763.232842875432,27.0,27.0,27.0,1051.0,65535.0,0,./data/raw/Raw_traffic_and_movement_data/group1_order1_user13
4004.842577310071,13826.71006173735,27.0,27.0,27.0,1051.0,65535.0,1,./data/raw/Raw_traffic_and_movement_data/group1_order1_user13
4020.206232157185,13930.609209361508,27.0,27.0,27.0,1051.0,65535.0,2,./data/raw/Raw_traffic_and_movement_data/group1_order1_user13
3874.5030830666237,13429.580752620675,27.0,27.0,27.0,1051.0,65535.0,3,./data/raw/Raw_traffic_and_movement_data/group1_order1_user13
3859.7132388568166,13386.255516148329,27.0,27.0,27.0,1051.0,65535.0,4,./data/raw/Raw_traffic_and_movement_data/group1_order1_user13
3933.9003060147465,13638.714181939213,27.0,27.0,27.0,1051.0,65535.0,5,./data/raw/Raw_traffic_and_movement_data/group1_order1_user13
3932.0114596740427,13687.115520198264,27.0,27.0,27.0,1051.0,65535.0,6,./data/raw/Raw_traffic_and_movement_data/group1_order1_user13
3953.51708896766,13633.050365747056,27.0,27.0,27.0,1051.0,65535.0,7,./data/raw/Raw_traffic_and_movement_data/group1_order1_user13
3965.570894738588,13730.697846239274,27.0,27.0,27.0,1051.0,65535.0,8,./data/raw/Raw_traffic_and_movement_data/group1_order1_user13
3931.4836626793435,13649.504976581231,27.0,27.0,27.0,1051.0,65535.0,9,./data/raw/Raw_traffic_and_movement_data/group1_order1_user13
6388.9106456444715,17032.866844184395,27.0,27.0,27.0,1051.0,65535.0,0,./data/raw/Raw_traffic_and_movement_data/group1_order1_user14
6901.163983191753,18104.740108457598,27.0,27.0,27.0,1051.0,65535.0,1,./data/raw/Raw_traffic_and_movement_data/group1_order1_user14
6872.955030299376,18027.16171572181,27.0,27.0,27.0,1051.0,65535.0,2,./data/raw/Raw_traffic_and_movement_data/group1_order1_user14
6966.764255597603,18247.88327040139,27.0,27.0,27.0,1051.0,65535.0,3,./data/raw/Raw_traffic_and_movement_data/group1_order1_user14
7000.316980513767,18323.90319527751,27.0,27.0,27.0,1051.0,65535.0,4,./data/raw/Raw_traffic_and_movement_data/group1_order1_user14
7003.38298557483,18320.09242641756,27.0,27.0,27.0,1051.0,65535.0,5,./data/raw/Raw_traffic_and_movement_data/group1_order1_user14
6928.709097113884,18187.19153995653,27.0,27.0,27.0,1051.0,65535.0,6,./data/raw/Raw_traffic_and_movement_data/group1_order1_user14
6897.666888666889,18070.824157927414,27.0,27.0,27.0,1051.0,65535.0,7,./data/raw/Raw_traffic_and_movement_data/group1_order1_user14
6700.232424567315,17716.907997234262,27.0,27.0,27.0,1051.0,65535.0,8,./data/raw/Raw_traffic_and_movement_data/group1_order1_user14
6900.568461170819,18113.86764251712,27.0,27.0,27.0,1051.0,65535.0,9,./data/raw/Raw_traffic_and_movement_data/group1_order1_user14
4079.5542596314795,14000.661395026855,27.0,27.0,27.0,1051.0,65535.0,0,./data/raw/Raw_traffic_and_movement_data/group1_order1_user2
3989.4355936859733,13680.531900285237,27.0,27.0,27.0,1051.0,65535.0,1,./data/raw/Raw_traffic_and_movement_data/group1_order1_user2
4107.0152391282245,14075.055998525928,27.0,27.0,27.0,1051.0,65535.0,2,./data/raw/Raw_traffic_and_movement_data/group1_order1_user2
3962.7880539371395,13594.8356847358,27.0,27.0,27.0,1051.0,65535.0,3,./data/raw/Raw_traffic_and_movement_data/group1_order1_user2
3940.8161278355064,13507.746806772813,27.0,27.0,27.0,1051.0,65535.0,4,./data/raw/Raw_traffic_and_movement_data/group1_order1_user2
3956.435677615511,13572.509436851984,27.0,27.0,27.0,1051.0,65535.0,5,./data/raw/Raw_traffic_and_movement_data/group1_order1_user2
3929.0229142658054,13460.77926500789,27.0,27.0,27.0,1051.0,65535.0,6,./data/raw/Raw_traffic_and_movement_data/group1_order1_user2
3911.019485028845,13429.010662119006,27.0,27.0,27.0,1051.0,65535.0,7,./data/raw/Raw_traffic_and_movement_data/group1_order1_user2
3994.7833924740476,13744.859446862774,27.0,27.0,27.0,1051.0,65535.0,8,./data/raw/Raw_traffic_and_movement_data/group1_order1_user2
4059.698563645369,13965.095705472593,27.0,27.0,27.0,1051.0,65535.0,9,./data/raw/Raw_traffic_and_movement_data/group1_order1_user2
6944.134508196721,18411.82255579477,27.0,27.0,27.0,1051.0,65535.0,0,./data/raw/Raw_traffic_and_movement_data/group1_order1_user3
6980.218547714749,18397.72372477994,27.0,27.0,27.0,1051.0,65535.0,1,./data/raw/Raw_traffic_and_movement_data/group1_order1_user3
6959.680156657963,18374.08626563292,27.0,27.0,27.0,1051.0,65535.0,2,./data/raw/Raw_traffic_and_movement_data/group1_order1_user3
6855.507882787602,18175.89557690913,27.0,27.0,27.0,1051.0,65535.0,3,./data/raw/Raw_traffic_and_movement_data/group1_order1_user3
6811.031368841119,18157.08103336482,27.0,27.0,27.0,1051.0,65535.0,4,./data/raw/Raw_traffic_and_movement_data/group1_order1_user3
6843.3322294343625,18236.198999407326,27.0,27.0,27.0,1051.0,65535.0,5,./data/raw/Raw_traffic_and_movement_data/group1_order1_user3
6881.026657454588,18321.3156053379,27.0,27.0,27.0,1051.0,65535.0,6,./data/raw/Raw_traffic_and_movement_data/group1_order1_user3
6789.538044123501,18135.022689998405,27.0,27.0,27.0,1051.0,65535.0,7,./data/raw/Raw_traffic_and_movement_data/group1_order1_user3
6763.621922748138,18127.37746347473,27.0,27.0,27.0,1051.0,65535.0,8,./data/raw/Raw_traffic_and_movement_data/group1_order1_user3
6753.438487152187,17888.025071038068,27.0,27.0,27.0,1051.0,65535.0,9,./data/raw/Raw_traffic_and_movement_data/group1_order1_user3
7051.746868084855,18375.24196246268,27.0,27.0,27.0,1051.0,65535.0,0,./data/raw/Raw_traffic_and_movement_data/group1_order1_user4
7010.347027053007,18286.903292268955,27.0,27.0,27.0,1051.0,65535.0,1,./data/raw/Raw_traffic_and_movement_data/group1_order1_user4
7117.741352382105,18539.562914636237,27.0,27.0,27.0,1051.0,65535.0,2,./data/raw/Raw_traffic_and_movement_data/group1_order1_user4
6814.276776728806,17846.718723348848,27.0,27.0,27.0,1051.0,65535.0,3,./data/raw/Raw_traffic_and_movement_data/group1_order1_user4
7002.997429245835,18270.600442907966,27.0,27.0,27.0,1051.0,65535.0,4,./data/raw/Raw_traffic_and_movement_data/group1_order1_user4
6969.675054059367,18198.641636277916,27.0,27.0,27.0,1051.0,65535.0,5,./data/raw/Raw_traffic_and_movement_data/group1_order1_user4
6974.302740599108,18213.701178275773,27.0,27.0,27.0,1051.0,65535.0,6,./data/raw/Raw_traffic_and_movement_data/group1_order1_user4
6933.064760800512,18219.186867729808,27.0,27.0,27.0,1051.0,65535.0,7,./data/raw/Raw_traffic_and_movement_data/group1_order1_user4
6958.9740245927305,18187.633356797927,27.0,27.0,27.0,1051.0,65535.0,8,./data/raw/Raw_traffic_and_movement_data/group1_order1_user4
6825.989359063692,17816.147179931624,27.0,27.0,27.0,1051.0,65535.0,9,./data/raw/Raw_traffic_and_movement_data/group1_order1_user4
7051.217337517743,18506.09341154793,27.0,27.0,27.0,1051.0,65535.0,0,./data/raw/Raw_traffic_and_movement_data/group1_order1_user5
7102.7870573932105,18544.576009549368,27.0,27.0,27.0,1051.0,65535.0,1,./data/raw/Raw_traffic_and_movement_data/group1_order1_user5
7138.985299105243,18623.03635854801,27.0,27.0,27.0,1051.0,65535.0,2,./data/raw/Raw_traffic_and_movement_data/group1_order1_user5
7064.19206476732,18474.742336662377,27.0,27.0,27.0,1051.0,65535.0,3,./data/raw/Raw_traffic_and_movement_data/group1_order1_user5
7104.887902082245,18582.932754648056,27.0,27.0,27.0,1051.0,65535.0,4,./data/raw/Raw_traffic_and_movement_data/group1_order1_user5
7009.647793566321,18350.46782173513,27.0,27.0,27.0,1051.0,65535.0,5,./data/raw/Raw_traffic_and_movement_data/group1_order1_user5
7085.000801151656,18562.530046589767,27.0,27.0,27.0,1051.0,65535.0,6,./data/raw/Raw_traffic_and_movement_data/group1_order1_user5
6963.821596541714,18283.195176293957,27.0,27.0,27.0,1051.0,65535.0,7,./data/raw/Raw_traffic_and_movement_data/group1_order1_user5
6906.030764064837,18073.609877555748,27.0,27.0,27.0,1051.0,65535.0,8,./data/raw/Raw_traffic_and_movement_data/group1_order1_user5
6977.859328799527,18298.385160910722,27.0,27.0,27.0,1051.0,65535.0,9,./data/raw/Raw_traffic_and_movement_data/group1_order1_user5
6828.903750201191,18012.60890600066,27.0,27.0,27.0,1051.0,65535.0,0,./data/raw/Raw_traffic_and_movement_data/group1_order1_user6
7023.418018196816,18400.9428976425,27.0,27.0,27.0,1051.0,65535.0,1,./data/raw/Raw_traffic_and_movement_data/group1_order1_user6
6916.389453466887,18133.66568246657,27.0,27.0,27.0,1051.0,65535.0,2,./data/raw/Raw_traffic_and_movement_data/group1_order1_user6
6868.213057666082,17995.4058657816,27.0,27.0,27.0,1051.0,65535.0,3,./data/raw/Raw_traffic_and_movement_data/group1_order1_user6
6952.592388546132,18185.698618978353,27.0,27.0,27.0,1051.0,65535.0,4,./data/raw/Raw_traffic_and_movement_data/group1_order1_user6
6843.461754377363,17880.92046797028,27.0,27.0,27.0,1051.0,65535.0,5,./data/raw/Raw_traffic_and_movement_data/group1_order1_user6
6909.133496374798,18128.392274278565,27.0,27.0,27.0,1051.0,65535.0,6,./data/raw/Raw_traffic_and_movement_data/group1_order1_user6
6945.246026226902,18250.568603413838,27.0,27.0,27.0,1051.0,65535.0,7,./data/raw/Raw_traffic_and_movement_data/group1_order1_user6
6908.3888771357815,18147.679329147195,27.0,27.0,27.0,1051.0,65535.0,8,./data/raw/Raw_traffic_and_movement_data/group1_order1_user6
6888.453249760706,18077.12390264484,27.0,27.0,27.0,1051.0,65535.0,9,./data/raw/Raw_traffic_and_movement_data/group1_order1_user6
6668.894402369652,17798.748928595276,27.0,27.0,27.0,1051.0,65535.0,0,./data/raw/Raw_traffic_and_movement_data/group1_order1_user7
6864.54757546144,18178.208601129903,27.0,27.0,27.0,1051.0,65535.0,1,./data/raw/Raw_traffic_and_movement_data/group1_order1_user7
6979.991941067324,18433.231539454693,27.0,27.0,27.0,1051.0,65535.0,2,./data/raw/Raw_traffic_and_movement_data/group1_order1_user7
6957.83540406223,18345.410866278788,27.0,27.0,27.0,1051.0,65535.0,3,./data/raw/Raw_traffic_and_movement_data/group1_order1_user7
6916.179753118298,18372.73333532075,27.0,27.0,27.0,1051.0,65535.0,4,./data/raw/Raw_traffic_and_movement_data/group1_order1_user7
6884.174602514232,18245.23243880889,27.0,27.0,27.0,1051.0,65535.0,5,./data/raw/Raw_traffic_and_movement_data/group1_order1_user7
6842.139918640953,18082.77694238548,27.0,27.0,27.0,1051.0,65535.0,6,./data/raw/Raw_traffic_and_movement_data/group1_order1_user7
6686.639924387735,17863.236205974008,27.0,27.0,27.0,1051.0,65535.0,7,./data/raw/Raw_traffic_and_movement_data/group1_order1_user7
6798.825550585487,18062.845559946487,27.0,27.0,27.0,1051.0,65535.0,8,./data/raw/Raw_traffic_and_movement_data/group1_order1_user7
6658.747958811481,17771.589324782395,27.0,27.0,27.0,1051.0,65535.0,9,./data/raw/Raw_traffic_and_movement_data/group1_order1_user7
7042.166246517182,18406.848828949718,27.0,27.0,27.0,1051.0,65535.0,0,./data/raw/Raw_traffic_and_movement_data/group1_order1_user8
6995.2752648058095,18280.15130601597,27.0,27.0,27.0,1051.0,65535.0,1,./data/raw/Raw_traffic_and_movement_data/group1_order1_user8
6975.979059257081,18232.189587770463,27.0,27.0,27.0,1051.0,65535.0,2,./data/raw/Raw_traffic_and_movement_data/group1_order1_user8
6863.8494459867825,17984.8173586372,27.0,27.0,27.0,1051.0,65535.0,3,./data/raw/Raw_traffic_and_movement_data/group1_order1_user8
6879.721960057044,17991.038977828244,27.0,27.0,27.0,1051.0,65535.0,4,./data/raw/Raw_traffic_and_movement_data/group1_order1_user8
6908.410400348388,18057.000593535362,27.0,27.0,27.0,1051.0,65535.0,5,./data/raw/Raw_traffic_and_movement_data/group1_order1_user8
6858.349003633843,17966.386757960576,27.0,27.0,27.0,1051.0,65535.0,6,./data/raw/Raw_traffic_and_movement_data/group1_order1_user8
6858.6910531504445,18004.540077282974,27.0,27.0,27.0,1051.0,65535.0,7,./data/raw/Raw_traffic_and_movement_data/group1_order1_user8
6945.804653327129,18256.077994505016,27.0,27.0,27.0,1051.0,65535.0,8,./data/raw/Raw_traffic_and_movement_data/group1_order1_user8
6889.318373600035,18057.876884911006,27.0,27.0,27.0,1051.0,65535.0,9,./data/raw/Raw_traffic_and_movement_data/group1_order1_user8
6994.869287839611,18360.008056179937,27.0,27.0,27.0,1051.0,65535.0,0,./data/raw/Raw_traffic_and_movement_data/group1_order1_user9
6984.818834871924,18303.509093819648,27.0,27.0,27.0,1051.0,65535.0,1,./data/raw/Raw_traffic_and_movement_data/group1_order1_user9
6994.737628066018,18356.751819303143,27.0,27.0,27.0,1051.0,65535.0,2,./data/raw/Raw_traffic_and_movement_data/group1_order1_user9
6933.381950366033,18225.785421315864,27.0,27.0,27.0,1051.0,65535.0,3,./data/raw/Raw_traffic_and_movement_data/group1_order1_user9
7018.3443309027425,18462.602385324837,27.0,27.0,27.0,1051.0,65535.0,4,./data/raw/Raw_traffic_and_movement_data/group1_order1_user9
6893.170813824003,18197.01855212056,27.0,27.0,27.0,1051.0,65535.0,5,./data/raw/Raw_traffic_and_movement_data/group1_order1_user9
7011.81619352489,18416.099632722453,27.0,27.0,27.0,1051.0,65535.0,6,./data/raw/Raw_traffic_and_movement_data/group1_order1_user9
6989.654355288909,18362.75485764949,27.0,27.0,27.0,1051.0,65535.0,7,./data/raw/Raw_traffic_and_movement_data/group1_order1_user9
7042.80655259039,18459.33141277791,27.0,27.0,27.0,1051.0,65535.0,8,./data/raw/Raw_traffic_and_movement_data/group1_order1_user9
6969.554618237885,18288.206029826473,27.0,27.0,27.0,1051.0,65535.0,9,./data/raw/Raw_traffic_and_movement_data/group1_order1_user9
4991.79766079324,15472.640384865528,27.0,27.0,27.0,1051.0,65535.0,0,./data/raw/Raw_traffic_and_movement_data/group1_order2_user0
5041.200933270622,15593.306927733891,27.0,27.0,27.0,1051.0,65535.0,1,./data/raw/Raw_traffic_and_movement_data/group1_order2_user0
4998.18108230222,15429.139082477022,27.0,27.0,27.0,1051.0,65535.0,2,./data/raw/Raw_traffic_and_movement_data/group1_order2_user0
5013.3657086328285,15475.63381979762,27.0,27.0,27.0,1051.0,65535.0,3,./data/raw/Raw_traffic_and_movement_data/group1_order2_user0
5015.348279804817,15449.073608037876,27.0,27.0,27.0,1051.0,65535.0,4,./data/raw/Raw_traffic_and_movement_data/group1_order2_user0
5013.973142389795,15489.243047114094,27.0,27.0,27.0,1051.0,65535.0,5,./data/raw/Raw_traffic_and_movement_data/group1_order2_user0
4991.900700688025,15381.33755842226,27.0,27.0,27.0,1051.0,65535.0,6,./data/raw/Raw_traffic_and_movement_data/group1_order2_user0
4932.265731006267,15388.92841725825,27.0,27.0,27.0,1051.0,65535.0,7,./data/raw/Raw_traffic_and_movement_data/group1_order2_user0
4939.072566734885,15406.96033178757,27.0,27.0,27.0,1051.0,65535.0,8,./data/raw/Raw_traffic_and_movement_data/group1_order2_user0
4918.783954151346,15326.889697716095,27.0,27.0,27.0,1051.0,65535.0,9,./data/raw/Raw_traffic_and_movement_data/group1_order2_user0
5064.870146957613,15633.463479746828,27.0,27.0,27.0,1051.0,65535.0,0,./data/raw/Raw_traffic_and_movement_data/group1_order2_user1
5000.925626112129,15499.672653035785,27.0,27.0,27.0,1051.0,65535.0,1,./data/raw/Raw_traffic_and_movement_data/group1_order2_user1
5028.4988630600865,15530.434130506756,27.0,27.0,27.0,1051.0,65535.0,2,./data/raw/Raw_traffic_and_movement_data/group1_order2_user1
5039.32009127014,15573.38488640979,27.0,27.0,27.0,1051.0,65535.0,3,./data/raw/Raw_traffic_and_movement_data/group1_order2_user1
5022.649183001345,15457.222597789838,27.0,27.0,27.0,1051.0,65535.0,4,./data/raw/Raw_traffic_and_movement_data/group1_order2_user1
5052.325173380873,15629.669698416634,27.0,27.0,27.0,1051.0,65535.0,5,./data/raw/Raw_traffic_and_movement_data/group1_order2_user1
4982.5989665304105,15408.385878753412,27.0,27.0,27.0,1051.0,65535.0,6,./data/raw/Raw_traffic_and_movement_data/group1_order2_user1
4992.910366154726,15397.589959051009,27.0,27.0,27.0,1051.0,65535.0,7,./data/raw/Raw_traffic_and_movement_data/group1_order2_user1
4995.651086059939,15523.227997564178,27.0,27.0,27.0,1051.0,65535.0,8,./data/raw/Raw_traffic_and_movement_data/group1_order2_user1
5006.32919404955,15501.90284778492,27.0,27.0,27.0,1051.0,65535.0,9,./data/raw/Raw_traffic_and_movement_data/group1_order2_user1
4976.082585334688,15400.789683029616,27.0,27.0,27.0,1051.0,65535.0,0,./data/raw/Raw_traffic_and_movement_data/group1_order2_user10
5004.911444002305,15491.402051245404,27.0,27.0,27.0,1051.0,65535.0,1,./data/raw/Raw_traffic_and_movement_data/group1_order2_user10
4988.1808527466965,15386.401159283534,27.0,27.0,27.0,1051.0,65535.0,2,./data/raw/Raw_traffic_and_movement_data/group1_order2_user10
4961.528927666033,15347.718359755308,27.0,27.0,27.0,1051.0,65535.0,3,./data/raw/Raw_traffic_and_movement_data/group1_order2_user10
4960.722329751616,15320.117525764696,27.0,27.0,27.0,1051.0,65535.0,4,./data/raw/Raw_traffic_and_movement_data/group1_order2_user10
4983.233379364766,15379.41641001771,27.0,27.0,27.0,1051.0,65535.0,5,./data/raw/Raw_traffic_and_movement_data/group1_order2_user10
4993.38590096106,15356.355533325383,27.0,27.0,27.0,1051.0,65535.0,6,./data/raw/Raw_traffic_and_movement_data/group1_order2_user10
4955.8043194076745,15398.290969634641,27.0,27.0,27.0,1051.0,65535.0,7,./data/raw/Raw_traffic_and_movement_data/group1_order2_user10
4971.401029000076,15451.201036655451,27.0,27.0,27.0,1051.0,65535.0,8,./data/raw/Raw_traffic_and_movement_data/group1_order2_user10
4967.820154371087,15396.686395969677,27.0,27.0,27.0,1051.0,65535.0,9,./data/raw/Raw_traffic_and_movement_data/group1_order2_user10
5026.453115037553,15543.104944776018,27.0,27.0,27.0,1051.0,65535.0,0,./data/raw/Raw_traffic_and_movement_data/group1_order2_user11
5073.702268343253,15638.769960670217,27.0,27.0,27.0,1051.0,65535.0,1,./data/raw/Raw_traffic_and_movement_data/group1_order2_user11
5024.492812342745,15437.599659185395,27.0,27.0,27.0,1051.0,65535.0,2,./data/raw/Raw_traffic_and_movement_data/group1_order2_user11
4962.996537681393,15333.668966308303,27.0,27.0,27.0,1051.0,65535.0,3,./data/raw/Raw_traffic_and_movement_data/group1_order2_user11
5021.359824085112,15436.54644211312,27.0,27.0,27.0,1051.0,65535.0,4,./data/raw/Raw_traffic_and_movement_data/group1_order2_user11
5015.189177195497,15443.657818691088,27.0,27.0,27.0,1051.0,65535.0,5,./data/raw/Raw_traffic_and_movement_data/group1_order2_user11
4985.360506651442,15327.804753668328,27.0,27.0,27.0,1051.0,65535.0,6,./data/raw/Raw_traffic_and_movement_data/group1_order2_user11
4994.956094075117,15499.793029824183,27.0,27.0,27.0,1051.0,65535.0,7,./data/raw/Raw_traffic_and_movement_data/group1_order2_user11
4970.98997952291,15463.346711307546,27.0,27.0,27.0,1051.0,65535.0,8,./data/raw/Raw_traffic_and_movement_data/group1_order2_user11
5016.682230207015,15462.685937055703,27.0,27.0,27.0,1051.0,65535.0,9,./data/raw/Raw_traffic_and_movement_data/group1_order2_user11
4884.998326290382,15288.539909514893,27.0,27.0,27.0,1051.0,65535.0,0,./data/raw/Raw_traffic_and_movement_data/group1_order2_user12
4881.586632321041,15308.363143047243,27.0,27.0,27.0,1051.0,65535.0,1,./data/raw/Raw_traffic_and_movement_data/group1_order2_user12
4933.960510294443,15334.444903807518,27.0,27.0,27.0,1051.0,65535.0,2,./data/raw/Raw_traffic_and_movement_data/group1_order2_user12
4978.088857875217,15381.304755981531,27.0,27.0,27.0,1051.0,65535.0,3,./data/raw/Raw_traffic_and_movement_data/group1_order2_user12
4999.9268954638765,15445.860621811635,27.0,27.0,27.0,1051.0,65535.0,4,./data/raw/Raw_traffic_and_movement_data/group1_order2_user12
4974.208104371667,15394.503516888206,27.0,27.0,27.0,1051.0,65535.0,5,./data/raw/Raw_traffic_and_movement_data/group1_order2_user12
4980.845694962282,15368.147227088159,27.0,27.0,27.0,1051.0,65535.0,6,./data/raw/Raw_traffic_and_movement_data/group1_order2_user12
4953.271683865513,15413.560325695453,27.0,27.0,27.0,1051.0,65535.0,7,./data/raw/Raw_traffic_and_movement_data/group1_order2_user12
4920.342473905611,15348.695495610204,27.0,27.0,27.0,1051.0,65535.0,8,./data/raw/Raw_traffic_and_movement_data/group1_order2_user12
4989.891866228172,15453.266010954314,27.0,27.0,27.0,1051.0,65535.0,9,./data/raw/Raw_traffic_and_movement_data/group1_order2_user12
4985.1340070697,15478.72330853468,27.0,27.0,27.0,1051.0,65535.0,0,./data/raw/Raw_traffic_and_movement_data/group1_order2_user13
5006.820163923198,15539.327119841493,27.0,27.0,27.0,1051.0,65535.0,1,./data/raw/Raw_traffic_and_movement_data/group1_order2_user13
5042.672702172893,15550.483375973077,27.0,27.0,27.0,1051.0,65535.0,2,./data/raw/Raw_traffic_and_movement_data/group1_order2_user13
5019.792612326173,15464.599928995107,27.0,27.0,27.0,1051.0,65535.0,3,./data/raw/Raw_traffic_and_movement_data/group1_order2_user13
5007.292498291086,15462.996818696138,27.0,27.0,27.0,1051.0,65535.0,4,./data/raw/Raw_traffic_and_movement_data/group1_order2_user13
4988.370124634275,15429.044621772053,27.0,27.0,27.0,1051.0,65535.0,5,./data/raw/Raw_traffic_and_movement_data/group1_order2_user13
4951.387636076485,15296.462899735612,27.0,27.0,27.0,1051.0,65535.0,6,./data/raw/Raw_traffic_and_movement_data/group1_order2_user13
4950.389433734322,15376.655197590162,27.0,27.0,27.0,1051.0,65535.0,7,./data/raw/Raw_traffic_and_movement_data/group1_order2_user13
4955.6755399129015,15444.928242785556,27.0,27.0,27.0,1051.0,65535.0,8,./data/raw/Raw_traffic_and_movement_data/group1_order2_user13
4956.633699035805,15362.186494867741,27.0,27.0,27.0,1051.0,65535.0,9,./data/raw/Raw_traffic_and_movement_data/group1_order2_user13
5009.427071658458,15473.2231389755,27.0,27.0,27.0,1051.0,65535.0,0,./data/raw/Raw_traffic_and_movement_data/group1_order2_user14
5056.946613762309,15566.966901621166,27.0,27.0,27.0,1051.0,65535.0,1,./data/raw/Raw_traffic_and_movement_data/group1_order2_user14
4959.019092010055,15305.68134649863,27.0,27.0,27.0,1051.0,65535.0,2,./data/raw/Raw_traffic_and_movement_data/group1_order2_user14
5048.371391358693,15551.174114243355,27.0,27.0,27.0,1051.0,65535.0,3,./data/raw/Raw_traffic_and_movement_data/group1_order2_user14
4988.142401116208,15381.334660131946,27.0,27.0,27.0,1051.0,65535.0,4,./data/raw/Raw_traffic_and_movement_data/group1_order2_user14
5049.43390157607,15539.829290382077,27.0,27.0,27.0,1051.0,65535.0,5,./data/raw/Raw_traffic_and_movement_data/group1_order2_user14
5054.079737230738,15541.573275917837,27.0,27.0,27.0,1051.0,65535.0,6,./data/raw/Raw_traffic_and_movement_data/group1_order2_user14
4914.538951438644,15147.88172114722,27.0,27.0,27.0,1051.0,65535.0,7,./data/raw/Raw_traffic_and_movement_data/group1_order2_user14
4989.989340525268,15485.86570462261,27.0,27.0,27.0,1051.0,65535.0,8,./data/raw/Raw_traffic_and_movement_data/group1_order2_user14
5015.519605113819,15563.823873234132,27.0,27.0,27.0,1051.0,65535.0,9,./data/raw/Raw_traffic_and_movement_data/group1_order2_user14
5028.967501315423,15551.734094509053,27.0,27.0,27.0,1051.0,65535.0,0,./data/raw/Raw_traffic_and_movement_data/group1_order2_user2
5046.371882655946,15588.333108985978,27.0,27.0,27.0,1051.0,65535.0,1,./data/raw/Raw_traffic_and_movement_data/group1_order2_user2
4956.174824871265,15326.047501089986,27.0,27.0,27.0,1051.0,65535.0,2,./data/raw/Raw_traffic_and_movement_data/group1_order2_user2
4944.2751844341865,15331.867025216692,27.0,27.0,27.0,1051.0,65535.0,3,./data/raw/Raw_traffic_and_movement_data/group1_order2_user2
4957.2445063643845,15321.739599564711,27.0,27.0,27.0,1051.0,65535.0,4,./data/raw/Raw_traffic_and_movement_data/group1_order2_user2
4955.215976078599,15357.849024413512,27.0,27.0,27.0,1051.0,65535.0,5,./data/raw/Raw_traffic_and_movement_data/group1_order2_user2
4979.82796874411,15404.025687004812,27.0,27.0,27.0,1051.0,65535.0,6,./data/raw/Raw_traffic_and_movement_data/group1_order2_user2
4983.527455439164,15441.058199677509,27.0,27.0,27.0,1051.0,65535.0,7,./data/raw/Raw_traffic_and_movement_data/group1_order2_user2
4988.965667697728,15468.277153156218,27.0,27.0,27.0,1051.0,65535.0,8,./data/raw/Raw_traffic_and_movement_data/group1_order2_user2
5008.2404809823975,15483.295355328786,27.0,27.0,27.0,1051.0,65535.0,9,./data/raw/Raw_traffic_and_movement_data/group1_order2_user2
2814.6893786196747,7923.260202891989,27.0,27.0,27.0,1051.0,51227.0,0,./data/raw/Raw_traffic_and_movement_data/group1_order2_user3
2825.189474470828,7908.64444258373,27.0,27.0,27.0,1051.0,52251.0,1,./data/raw/Raw_traffic_and_movement_data/group1_order2_user3
2849.2495069600013,8020.0573231354365,27.0,27.0,27.0,1051.0,65535.0,2,./data/raw/Raw_traffic_and_movement_data/group1_order2_user3
2855.705361945212,8011.803391346637,27.0,27.0,27.0,1051.0,65535.0,3,./data/raw/Raw_traffic_and_movement_data/group1_order2_user3
2841.7607881755093,8010.464160513198,27.0,27.0,27.0,1051.0,65535.0,4,./data/raw/Raw_traffic_and_movement_data/group1_order2_user3
2863.78212045737,8064.793450132162,27.0,27.0,27.0,1051.0,65535.0,5,./data/raw/Raw_traffic_and_movement_data/group1_order2_user3
2799.691760891059,7907.478092043663,27.0,27.0,27.0,1051.0,50203.0,6,./data/raw/Raw_traffic_and_movement_data/group1_order2_user3
2805.4323116248975,7882.5583522582,27.0,27.0,27.0,1051.0,64539.0,7,./data/raw/Raw_traffic_and_movement_data/group1_order2_user3
2799.231132884729,7867.391697778905,27.0,27.0,27.0,1051.0,65535.0,8,./data/raw/Raw_traffic_and_movement_data/group1_order2_user3
2871.181299962573,8105.020713533301,27.0,27.0,27.0,1051.0,59419.0,9,./data/raw/Raw_traffic_and_movement_data/group1_order2_user3
5103.745117837175,15681.45740686718,27.0,27.0,27.0,1051.0,65535.0,0,./data/raw/Raw_traffic_and_movement_data/group1_order2_user4
5109.47565626668,15703.63486309084,27.0,27.0,27.0,1051.0,65535.0,1,./data/raw/Raw_traffic_and_movement_data/group1_order2_user4
5079.194605555201,15550.276456642647,27.0,27.0,27.0,1051.0,65535.0,2,./data/raw/Raw_traffic_and_movement_data/group1_order2_user4
5044.624150668065,15480.87587618835,27.0,27.0,27.0,1051.0,65535.0,3,./data/raw/Raw_traffic_and_movement_data/group1_order2_user4
5037.439902193016,15479.539327858314,27.0,27.0,27.0,1051.0,65535.0,4,./data/raw/Raw_traffic_and_movement_data/group1_order2_user4
5040.190976295551,15488.514073224615,27.0,27.0,27.0,1051.0,65535.0,5,./data/raw/Raw_traffic_and_movement_data/group1_order2_user4
5055.34091195865,15487.77515245778,27.0,27.0,27.0,1051.0,65535.0,6,./data/raw/Raw_traffic_and_movement_data/group1_order2_user4
5035.879103811132,15542.493850226776,27.0,27.0,27.0,1051.0,65535.0,7,./data/raw/Raw_traffic_and_movement_data/group1_order2_user4
5070.8046023724255,15645.847575282813,27.0,27.0,27.0,1051.0,65535.0,8,./data/raw/Raw_traffic_and_movement_data/group1_order2_user4
5063.301217153908,15549.341921401536,27.0,27.0,27.0,1051.0,65535.0,9,./data/raw/Raw_traffic_and_movement_data/group1_order2_user4
5074.927749751586,15580.027033618755,27.0,27.0,27.0,1051.0,65535.0,0,./data/raw/Raw_traffic_and_movement_data/group1_order2_user5
5099.57219527299,15653.652855341035,27.0,27.0,27.0,1051.0,65535.0,1,./data/raw/Raw_traffic_and_movement_data/group1_order2_user5
5085.237575927671,15596.648157963453,27.0,27.0,27.0,1051.0,65535.0,2,./data/raw/Raw_traffic_and_movement_data/group1_order2_user5
5060.737742457547,15525.613446303514,27.0,27.0,27.0,1051.0,65535.0,3,./data/raw/Raw_traffic_and_movement_data/group1_order2_user5
5084.80777217737,15584.931444773105,27.0,27.0,27.0,1051.0,65535.0,4,./data/raw/Raw_traffic_and_movement_data/group1_order2_user5
5072.526520355332,15556.347272485778,27.0,27.0,27.0,1051.0,65535.0,5,./data/raw/Raw_traffic_and_movement_data/group1_order2_user5
5026.482578970813,15374.743045480562,27.0,27.0,27.0,1051.0,65535.0,6,./data/raw/Raw_traffic_and_movement_data/group1_order2_user5
5056.536200658564,15559.668372192758,27.0,27.0,27.0,1051.0,65535.0,7,./data/raw/Raw_traffic_and_movement_data/group1_order2_user5
5029.33932022338,15559.97979831902,27.0,27.0,27.0,1051.0,65535.0,8,./data/raw/Raw_traffic_and_movement_data/group1_order2_user5
5070.442917723564,15565.878451691467,27.0,27.0,27.0,1051.0,65535.0,9,./data/raw/Raw_traffic_and_movement_data/group1_order2_user5
5050.4768092318045,15569.38903445901,27.0,27.0,27.0,1051.0,65535.0,0,./data/raw/Raw_traffic_and_movement_data/group1_order2_user6
5065.596295823221,15609.997217152433,27.0,27.0,27.0,1051.0,65535.0,1,./data/raw/Raw_traffic_and_movement_data/group1_order2_user6
5009.33252274063,15500.128622749555,27.0,27.0,27.0,1051.0,65535.0,2,./data/raw/Raw_traffic_and_movement_data/group1_order2_user6
4989.15460112622,15348.760575416389,27.0,27.0,27.0,1051.0,65535.0,3,./data/raw/Raw_traffic_and_movement_data/group1_order2_user6
5010.662775396746,15450.398608672336,27.0,27.0,27.0,1051.0,65535.0,4,./data/raw/Raw_traffic_and_movement_data/group1_order2_user6
4993.281561170616,15375.968403754092,27.0,27.0,27.0,1051.0,65535.0,5,./data/raw/Raw_traffic_and_movement_data/group1_order2_user6
5014.605401793346,15466.808621371309,27.0,27.0,27.0,1051.0,65535.0,6,./data/raw/Raw_traffic_and_movement_data/group1_order2_user6
4974.354871163674,15332.852969245294,27.0,27.0,27.0,1051.0,65535.0,7,./data/raw/Raw_traffic_and_movement_data/group1_order2_user6
5016.469410273141,15521.595209714513,27.0,27.0,27.0,1051.0,65535.0,8,./data/raw/Raw_traffic_and_movement_data/group1_order2_user6
5040.289846457052,15515.4128319028,27.0,27.0,27.0,1051.0,65535.0,9,./data/raw/Raw_traffic_and_movement_data/group1_order2_user6
5117.34974788391,15634.626318914707,27.0,27.0,27.0,1051.0,65535.0,0,./data/raw/Raw_traffic_and_movement_data/group1_order2_user7
5157.307149789428,15733.503351605426,27.0,27.0,27.0,1051.0,65535.0,1,./data/raw/Raw_traffic_and_movement_data/group1_order2_user7
5082.885405066815,15510.660654939988,27.0,27.0,27.0,1051.0,65535.0,2,./data/raw/Raw_traffic_and_movement_data/group1_order2_user7
5103.768269530103,15590.168477699193,27.0,27.0,27.0,1051.0,65535.0,3,./data/raw/Raw_traffic_and_movement_data/group1_order2_user7
4985.897431961227,15268.348427326946,27.0,27.0,27.0,1051.0,65535.0,4,./data/raw/Raw_traffic_and_movement_data/group1_order2_user7
5101.13653422606,15568.905183253248,27.0,27.0,27.0,1051.0,65535.0,5,./data/raw/Raw_traffic_and_movement_data/group1_order2_user7
5098.730992367743,15592.702816079796,27.0,27.0,27.0,1051.0,65535.0,6,./data/raw/Raw_traffic_and_movement_data/group1_order2_user7
5040.596168121885,15434.971294274143,27.0,27.0,27.0,1051.0,65535.0,7,./data/raw/Raw_traffic_and_movement_data/group1_order2_user7
5125.374707961949,15666.964568858537,27.0,27.0,27.0,1051.0,65535.0,8,./data/raw/Raw_traffic_and_movement_data/group1_order2_user7
5139.282336695538,15688.143134762542,27.0,27.0,27.0,1051.0,65535.0,9,./data/raw/Raw_traffic_and_movement_data/group1_order2_user7
5096.473640032599,15633.560716335574,27.0,27.0,27.0,1051.0,65535.0,0,./data/raw/Raw_traffic_and_movement_data/group1_order2_user8
5122.0095856327935,15687.779870480583,27.0,27.0,27.0,1051.0,65535.0,1,./data/raw/Raw_traffic_and_movement_data/group1_order2_user8
4963.658441269095,15338.327650899522,27.0,27.0,27.0,1051.0,65535.0,2,./data/raw/Raw_traffic_and_movement_data/group1_order2_user8
5017.060869322465,15469.227623080278,27.0,27.0,27.0,1051.0,65535.0,3,./data/raw/Raw_traffic_and_movement_data/group1_order2_user8
5019.852108556187,15409.009284933905,27.0,27.0,27.0,1051.0,65535.0,4,./data/raw/Raw_traffic_and_movement_data/group1_order2_user8
5067.005750571402,15543.612682856257,27.0,27.0,27.0,1051.0,65535.0,5,./data/raw/Raw_traffic_and_movement_data/group1_order2_user8
5039.586942090671,15459.558066521597,27.0,27.0,27.0,1051.0,65535.0,6,./data/raw/Raw_traffic_and_movement_data/group1_order2_user8
5073.494478492414,15566.092972647131,27.0,27.0,27.0,1051.0,65535.0,7,./data/raw/Raw_traffic_and_movement_data/group1_order2_user8
5096.289247204044,15665.408223916877,27.0,27.0,27.0,1051.0,65535.0,8,./data/raw/Raw_traffic_and_movement_data/group1_order2_user8
5102.890769140373,15647.143641629289,27.0,27.0,27.0,1051.0,65535.0,9,./data/raw/Raw_traffic_and_movement_data/group1_order2_user8
2793.802121049312,7918.143073936151,27.0,27.0,27.0,1051.0,51227.0,0,./data/raw/Raw_traffic_and_movement_data/group1_order2_user9
2779.346247123935,7865.571945994312,27.0,27.0,27.0,1051.0,54299.0,1,./data/raw/Raw_traffic_and_movement_data/group1_order2_user9
2814.261945601568,7952.909884610893,27.0,27.0,27.0,1051.0,53275.0,2,./data/raw/Raw_traffic_and_movement_data/group1_order2_user9
2743.9908540852025,7784.448011089471,27.0,27.0,27.0,1051.0,49179.0,3,./data/raw/Raw_traffic_and_movement_data/group1_order2_user9
2773.4117328202897,7885.881356645723,27.0,27.0,27.0,1051.0,56347.0,4,./data/raw/Raw_traffic_and_movement_data/group1_order2_user9
2805.9439166647403,7912.183979480732,27.0,27.0,27.0,1051.0,55323.0,5,./data/raw/Raw_traffic_and_movement_data/group1_order2_user9
2794.1858244233636,7929.34300065613,27.0,27.0,27.0,1051.0,65535.0,6,./data/raw/Raw_traffic_and_movement_data/group1_order2_user9
2824.4223923808318,7969.848975666415,27.0,27.0,27.0,1051.0,56347.0,7,./data/raw/Raw_traffic_and_movement_data/group1_order2_user9
2797.7086525082946,7928.664294650937,27.0,27.0,27.0,1051.0,65535.0,8,./data/raw/Raw_traffic_and_movement_data/group1_order2_user9
2792.0861408850146,7940.048061912461,27.0,27.0,27.0,1051.0,51227.0,9,./data/raw/Raw_traffic_and_movement_data/group1_order2_user9
6445.700867865288,17273.852078699303,27.0,27.0,27.0,1051.0,65535.0,0,./data/raw/Raw_traffic_and_movement_data/group2_order1_user0
6506.795595505618,17459.334870956063,27.0,27.0,27.0,1051.0,65535.0,1,./data/raw/Raw_traffic_and_movement_data/group2_order1_user0
6421.197880555576,17300.462837313957,27.0,27.0,27.0,1051.0,65535.0,2,./data/raw/Raw_traffic_and_movement_data/group2_order1_user0
6448.459564313755,17382.219710980182,27.0,27.0,27.0,1051.0,65535.0,3,./data/raw/Raw_traffic_and_movement_data/group2_order1_user0
6513.028230285079,17471.505601851593,27.0,27.0,27.0,1051.0,65535.0,4,./data/raw/Raw_traffic_and_movement_data/group2_order1_user0
6465.129673030971,17481.690056763575,27.0,27.0,27.0,1051.0,65535.0,5,./data/raw/Raw_traffic_and_movement_data/group2_order1_user0
6377.8024420414185,17226.319171632404,27.0,27.0,27.0,1051.0,65535.0,6,./data/raw/Raw_traffic_and_movement_data/group2_order1_user0
6440.413340518071,17332.921715664943,27.0,27.0,27.0,1051.0,65535.0,7,./data/raw/Raw_traffic_and_movement_data/group2_order1_user0
6458.8631848838695,17353.884588856956,27.0,27.0,27.0,1051.0,65535.0,8,./data/raw/Raw_traffic_and_movement_data/group2_order1_user0
6509.249908471275,17531.367839935418,27.0,27.0,27.0,1051.0,65535.0,9,./data/raw/Raw_traffic_and_movement_data/group2_order1_user0
6377.793948371027,17091.50924454954,27.0,27.0,27.0,1051.0,65535.0,0,./data/raw/Raw_traffic_and_movement_data/group2_order1_user1
6321.681046904867,16944.916660544048,27.0,27.0,27.0,1051.0,65535.0,1,./data/raw/Raw_traffic_and_movement_data/group2_order1_user1
6475.907574059933,17331.509077563966,27.0,27.0,27.0,1051.0,65535.0,2,./data/raw/Raw_traffic_and_movement_data/group2_order1_user1
6484.481049649398,17394.52846531651,27.0,27.0,27.0,1051.0,65535.0,3,./data/raw/Raw_traffic_and_movement_data/group2_order1_user1
6403.135033119392,17156.538679487545,27.0,27.0,27.0,1051.0,65535.0,4,./data/raw/Raw_traffic_and_movement_data/group2_order1_user1
6397.47947575521,17265.61695296584,27.0,27.0,27.0,1051.0,65535.0,5,./data/raw/Raw_traffic_and_movement_data/group2_order1_user1
6515.488928892889,17488.48056008139,27.0,27.0,27.0,1051.0,65535.0,6,./data/raw/Raw_traffic_and_movement_data/group2_order1_user1
6465.049713136788,17343.976104379424,27.0,27.0,27.0,1051.0,65535.0,7,./data/raw/Raw_traffic_and_movement_data/group2_order1_user1
6517.555095694665,17467.76549191667,27.0,27.0,27.0,1051.0,65535.0,8,./data/raw/Raw_traffic_and_movement_data/group2_order1_user1
6418.935839614482,17307.05943743527,27.0,27.0,27.0,1051.0,65535.0,9,./data/raw/Raw_traffic_and_movement_data/group2_order1_user1
6473.086751393271,17342.480663132814,27.0,27.0,27.0,1051.0,65535.0,0,./data/raw/Raw_traffic_and_movement_data/group2_order1_user10
6405.164629152359,17203.917582294685,27.0,27.0,27.0,1051.0,65535.0,1,./data/raw/Raw_traffic_and_movement_data/group2_order1_user10
6532.091124945277,17523.636373771104,27.0,27.0,27.0,1051.0,65535.0,2,./data/raw/Raw_traffic_and_movement_data/group2_order1_user10
6481.755036677343,17386.65840061009,27.0,27.0,27.0,1051.0,65535.0,3,./data/raw/Raw_traffic_and_movement_data/group2_order1_user10
6479.571476144345,17439.716276095027,27.0,27.0,27.0,1051.0,65535.0,4,./data/raw/Raw_traffic_and_movement_data/group2_order1_user10
6493.588047785027,17433.50263413807,27.0,27.0,27.0,1051.0,65535.0,5,./data/raw/Raw_traffic_and_movement_data/group2_order1_user10
6467.695686653925,17345.661438573683,27.0,27.0,27.0,1051.0,65535.0,6,./data/raw/Raw_traffic_and_movement_data/group2_order1_user10
6554.335174654752,17580.17747328296,27.0,27.0,27.0,1051.0,65535.0,7,./data/raw/Raw_traffic_and_movement_data/group2_order1_user10
6411.535079740464,17245.531161355044,27.0,27.0,27.0,1051.0,65535.0,8,./data/raw/Raw_traffic_and_movement_data/group2_order1_user10
6444.80123468829,17334.089782755364,27.0,27.0,27.0,1051.0,65535.0,9,./data/raw/Raw_traffic_and_movement_data/group2_order1_user10
6393.145401442272,17200.474326453015,27.0,27.0,27.0,1051.0,65535.0,0,./data/raw/Raw_traffic_and_movement_data/group2_order1_user11
6426.775461081342,17292.05696073834,27.0,27.0,27.0,1051.0,65535.0,1,./data/raw/Raw_traffic_and_movement_data/group2_order1_user11
6491.744154823748,17432.797477598346,27.0,27.0,27.0,1051.0,65535.0,2,./data/raw/Raw_traffic_and_movement_data/group2_order1_user11
6437.182220107152,17317.92337547725,27.0,27.0,27.0,1051.0,65535.0,3,./data/raw/Raw_traffic_and_movement_data/group2_order1_user11
6551.61433581829,17560.609596708342,27.0,27.0,27.0,1051.0,65535.0,4,./data/raw/Raw_traffic_and_movement_data/group2_order1_user11
6639.8857418731895,17811.053098164437,27.0,27.0,27.0,1051.0,65535.0,5,./data/raw/Raw_traffic_and_movement_data/group2_order1_user11
6490.900927655145,17585.01604528889,27.0,27.0,27.0,1051.0,65535.0,6,./data/raw/Raw_traffic_and_movement_data/group2_order1_user11
6594.251796373037,17817.98511996186,27.0,27.0,27.0,1051.0,65535.0,7,./data/raw/Raw_traffic_and_movement_data/group2_order1_user11
6610.653256565007,17755.234908620947,27.0,27.0,27.0,1051.0,65535.0,8,./data/raw/Raw_traffic_and_movement_data/group2_order1_user11
6695.5424854608955,17942.036753988483,27.0,27.0,27.0,1051.0,65535.0,9,./data/raw/Raw_traffic_and_movement_data/group2_order1_user11
6343.04390506689,17022.715285055714,27.0,27.0,27.0,1051.0,65535.0,0,./data/raw/Raw_traffic_and_movement_data/group2_order1_user12
6477.404200085805,17338.897206240195,27.0,27.0,27.0,1051.0,65535.0,1,./data/raw/Raw_traffic_and_movement_data/group2_order1_user12
6371.6008836068495,17092.889254073056,27.0,27.0,27.0,1051.0,65535.0,2,./data/raw/Raw_traffic_and_movement_data/group2_order1_user12
6424.290102440381,17181.601898362675,27.0,27.0,27.0,1051.0,65535.0,3,./data/raw/Raw_traffic_and_movement_data/group2_order1_user12
6504.357519779154,17422.67364169962,27.0,27.0,27.0,1051.0,65535.0,4,./data/raw/Raw_traffic_and_movement_data/group2_order1_user12
6513.513431026966,17439.841549044464,27.0,27.0,27.0,1051.0,65535.0,5,./data/raw/Raw_traffic_and_movement_data/group2_order1_user12
6504.652223331542,17482.719138680597,27.0,27.0,27.0,1051.0,65535.0,6,./data/raw/Raw_traffic_and_movement_data/group2_order1_user12
6475.400732449184,17502.319342459483,27.0,27.0,27.0,1051.0,65535.0,7,./data/raw/Raw_traffic_and_movement_data/group2_order1_user12
6475.202955739502,17388.377059480135,27.0,27.0,27.0,1051.0,65535.0,8,./data/raw/Raw_traffic_and_movement_data/group2_order1_user12
6478.409979515325,17429.28247688489,27.0,27.0,27.0,1051.0,65535.0,9,./data/raw/Raw_traffic_and_movement_data/group2_order1_user12
3695.8393835631227,12962.524458838545,27.0,27.0,27.0,1051.0,65535.0,0,./data/raw/Raw_traffic_and_movement_data/group2_order1_user13
3709.0833646134,13118.51219041202,27.0,27.0,27.0,1051.0,65535.0,1,./data/raw/Raw_traffic_and_movement_data/group2_order1_user13
3754.436826240229,13172.028436626613,27.0,27.0,27.0,1051.0,65535.0,2,./data/raw/Raw_traffic_and_movement_data/group2_order1_user13
3744.9439752673597,13125.921400452333,27.0,27.0,27.0,1051.0,65535.0,3,./data/raw/Raw_traffic_and_movement_data/group2_order1_user13
3735.000138121547,13165.28870436102,27.0,27.0,27.0,1051.0,65535.0,4,./data/raw/Raw_traffic_and_movement_data/group2_order1_user13
3724.4350457449254,13154.676890951887,27.0,27.0,27.0,1051.0,65535.0,5,./data/raw/Raw_traffic_and_movement_data/group2_order1_user13
3750.403682407028,13203.829568499512,27.0,27.0,27.0,1051.0,65535.0,6,./data/raw/Raw_traffic_and_movement_data/group2_order1_user13
3730.176880022962,13176.122544979185,27.0,27.0,27.0,1051.0,65535.0,7,./data/raw/Raw_traffic_and_movement_data/group2_order1_user13
3825.6611949467383,13443.46517273805,27.0,27.0,27.0,1051.0,65535.0,8,./data/raw/Raw_traffic_and_movement_data/group2_order1_user13
3725.973905298586,13099.852506271587,27.0,27.0,27.0,1051.0,65535.0,9,./data/raw/Raw_traffic_and_movement_data/group2_order1_user13
6430.683831676435,17257.3338906477,27.0,27.0,27.0,1051.0,65535.0,0,./data/raw/Raw_traffic_and_movement_data/group2_order1_user14
6441.000561914057,17250.036369846563,27.0,27.0,27.0,1051.0,65535.0,1,./data/raw/Raw_traffic_and_movement_data/group2_order1_user14
6509.253365155131,17438.247565063015,27.0,27.0,27.0,1051.0,65535.0,2,./data/raw/Raw_traffic_and_movement_data/group2_order1_user14
6460.775542726562,17419.654609894205,27.0,27.0,27.0,1051.0,65535.0,3,./data/raw/Raw_traffic_and_movement_data/group2_order1_user14
6501.768490679495,17504.97153150259,27.0,27.0,27.0,1051.0,65535.0,4,./data/raw/Raw_traffic_and_movement_data/group2_order1_user14
6550.925152805667,17627.50855096228,27.0,27.0,27.0,1051.0,65535.0,5,./data/raw/Raw_traffic_and_movement_data/group2_order1_user14
6457.84631758195,17455.506455757888,27.0,27.0,27.0,1051.0,65535.0,6,./data/raw/Raw_traffic_and_movement_data/group2_order1_user14
6474.435396835021,17444.11173204737,27.0,27.0,27.0,1051.0,65535.0,7,./data/raw/Raw_traffic_and_movement_data/group2_order1_user14
6520.488744904788,17593.679655901087,27.0,27.0,27.0,1051.0,65535.0,8,./data/raw/Raw_traffic_and_movement_data/group2_order1_user14
6553.77615529458,17540.525866970736,27.0,27.0,27.0,1051.0,65535.0,9,./data/raw/Raw_traffic_and_movement_data/group2_order1_user14
3715.5615999185793,13014.786534042167,27.0,27.0,27.0,1051.0,65535.0,0,./data/raw/Raw_traffic_and_movement_data/group2_order1_user2
3754.596514784558,13183.205416237208,27.0,27.0,27.0,1051.0,65535.0,1,./data/raw/Raw_traffic_and_movement_data/group2_order1_user2
3766.6255036778484,13244.574360571927,27.0,27.0,27.0,1051.0,65535.0,2,./data/raw/Raw_traffic_and_movement_data/group2_order1_user2
3735.0464253724754,13188.972931196966,27.0,27.0,27.0,1051.0,65535.0,3,./data/raw/Raw_traffic_and_movement_data/group2_order1_user2
3745.4755223816755,13183.628727816029,27.0,27.0,27.0,1051.0,65535.0,4,./data/raw/Raw_traffic_and_movement_data/group2_order1_user2
3775.5044364605715,13295.904691611826,27.0,27.0,27.0,1051.0,65535.0,5,./data/raw/Raw_traffic_and_movement_data/group2_order1_user2
3698.9226050438647,13079.186198161917,27.0,27.0,27.0,1051.0,65535.0,6,./data/raw/Raw_traffic_and_movement_data/group2_order1_user2
3747.2437349260185,13209.781055652473,27.0,27.0,27.0,1051.0,65535.0,7,./data/raw/Raw_traffic_and_movement_data/group2_order1_user2
3757.6904314390044,13248.28558741122,27.0,27.0,27.0,1051.0,65535.0,8,./data/raw/Raw_traffic_and_movement_data/group2_order1_user2
3742.7091135701703,13166.509936056469,27.0,27.0,27.0,1051.0,65535.0,9,./data/raw/Raw_traffic_and_movement_data/group2_order1_user2
6545.8240138916535,17396.081632417165,27.0,27.0,27.0,1051.0,65535.0,0,./data/raw/Raw_traffic_and_movement_data/group2_order1_user3
6611.562384457319,17591.59305987747,27.0,27.0,27.0,1051.0,65535.0,1,./data/raw/Raw_traffic_and_movement_data/group2_order1_user3
6673.595458219834,17705.532477256405,27.0,27.0,27.0,1051.0,65535.0,2,./data/raw/Raw_traffic_and_movement_data/group2_order1_user3
6603.6914132882885,17589.967279725806,27.0,27.0,27.0,1051.0,65535.0,3,./data/raw/Raw_traffic_and_movement_data/group2_order1_user3
6602.667568885466,17669.609990470122,27.0,27.0,27.0,1051.0,65535.0,4,./data/raw/Raw_traffic_and_movement_data/group2_order1_user3
6648.314648009273,17675.78054091193,27.0,27.0,27.0,1051.0,65535.0,5,./data/raw/Raw_traffic_and_movement_data/group2_order1_user3
6592.395556479844,17523.579320230547,27.0,27.0,27.0,1051.0,65535.0,6,./data/raw/Raw_traffic_and_movement_data/group2_order1_user3
6666.542618116986,17714.66705504683,27.0,27.0,27.0,1051.0,65535.0,7,./data/raw/Raw_traffic_and_movement_data/group2_order1_user3
6602.993049990426,17610.494867609523,27.0,27.0,27.0,1051.0,65535.0,8,./data/raw/Raw_traffic_and_movement_data/group2_order1_user3
6592.992349603365,17579.886140938786,27.0,27.0,27.0,1051.0,65535.0,9,./data/raw/Raw_traffic_and_movement_data/group2_order1_user3
6502.931017440336,17482.95692660777,27.0,27.0,27.0,1051.0,65535.0,0,./data/raw/Raw_traffic_and_movement_data/group2_order1_user4
6509.784721242614,17499.087284841793,27.0,27.0,27.0,1051.0,65535.0,1,./data/raw/Raw_traffic_and_movement_data/group2_order1_user4
6376.03623243914,17195.213823479942,27.0,27.0,27.0,1051.0,65535.0,2,./data/raw/Raw_traffic_and_movement_data/group2_order1_user4
6477.891543759972,17554.345736369087,27.0,27.0,27.0,1051.0,65535.0,3,./data/raw/Raw_traffic_and_movement_data/group2_order1_user4
6443.039468474319,17501.842224540273,27.0,27.0,27.0,1051.0,65535.0,4,./data/raw/Raw_traffic_and_movement_data/group2_order1_user4
6464.881020451323,17438.762458410616,27.0,27.0,27.0,1051.0,65535.0,5,./data/raw/Raw_traffic_and_movement_data/group2_order1_user4
6475.13720610335,17513.401979516813,27.0,27.0,27.0,1051.0,65535.0,6,./data/raw/Raw_traffic_and_movement_data/group2_order1_user4
6391.803963198868,17395.72906319794,27.0,27.0,27.0,1051.0,65535.0,7,./data/raw/Raw_traffic_and_movement_data/group2_order1_user4
6352.666908200892,17370.253279309032,27.0,27.0,27.0,1051.0,65535.0,8,./data/raw/Raw_traffic_and_movement_data/group2_order1_user4
6513.230796045126,17598.53960343124,27.0,27.0,27.0,1051.0,65535.0,9,./data/raw/Raw_traffic_and_movement_data/group2_order1_user4
6417.261495689117,17325.133845424152,27.0,27.0,27.0,1051.0,65535.0,0,./data/raw/Raw_traffic_and_movement_data/group2_order1_user5
6449.9849054477245,17439.611577967476,27.0,27.0,27.0,1051.0,65535.0,1,./data/raw/Raw_traffic_and_movement_data/group2_order1_user5
6414.680139886181,17405.013575106863,27.0,27.0,27.0,1051.0,65535.0,2,./data/raw/Raw_traffic_and_movement_data/group2_order1_user5
6443.124173576649,17495.2991390223,27.0,27.0,27.0,1051.0,65535.0,3,./data/raw/Raw_traffic_and_movement_data/group2_order1_user5
6421.7659513040135,17461.734119850866,27.0,27.0,27.0,1051.0,65535.0,4,./data/raw/Raw_traffic_and_movement_data/group2_order1_user5
6372.842325410738,17257.084331556547,27.0,27.0,27.0,1051.0,65535.0,5,./data/raw/Raw_traffic_and_movement_data/group2_order1_user5
6428.533883817695,17451.913069135262,27.0,27.0,27.0,1051.0,65535.0,6,./data/raw/Raw_traffic_and_movement_data/group2_order1_user5
6356.5960397006975,17341.80100361641,27.0,27.0,27.0,1051.0,65535.0,7,./data/raw/Raw_traffic_and_movement_data/group2_order1_user5
6378.7736530198235,17299.309249205275,27.0,27.0,27.0,1051.0,65535.0,8,./data/raw/Raw_traffic_and_movement_data/group2_order1_user5
6436.438209123485,17411.329789124557,27.0,27.0,27.0,1051.0,65535.0,9,./data/raw/Raw_traffic_and_movement_data/group2_order1_user5
6172.513427469194,16867.32382258435,27.0,27.0,27.0,1051.0,65535.0,0,./data/raw/Raw_traffic_and_movement_data/group2_order1_user6
6206.155961187434,17013.591915961508,27.0,27.0,27.0,1051.0,65535.0,1,./data/raw/Raw_traffic_and_movement_data/group2_order1_user6
6217.734820862397,17121.90352806873,27.0,27.0,27.0,1051.0,65535.0,2,./data/raw/Raw_traffic_and_movement_data/group2_order1_user6
6219.404586141384,17152.883986033365,27.0,27.0,27.0,1051.0,65535.0,3,./data/raw/Raw_traffic_and_movement_data/group2_order1_user6
6220.376963045128,17166.414586475465,27.0,27.0,27.0,1051.0,65535.0,4,./data/raw/Raw_traffic_and_movement_data/group2_order1_user6
6188.154522145891,17071.20032702999,27.0,27.0,27.0,1051.0,65535.0,5,./data/raw/Raw_traffic_and_movement_data/group2_order1_user6
6238.961169944529,17102.22849772357,27.0,27.0,27.0,1051.0,65535.0,6,./data/raw/Raw_traffic_and_movement_data/group2_order1_user6
6192.516739359302,17048.8920344067,27.0,27.0,27.0,1051.0,65535.0,7,./data/raw/Raw_traffic_and_movement_data/group2_order1_user6
6213.487699198,17048.53678700926,27.0,27.0,27.0,1051.0,65535.0,8,./data/raw/Raw_traffic_and_movement_data/group2_order1_user6
6197.574824573965,17065.98043933177,27.0,27.0,27.0,1051.0,65535.0,9,./data/raw/Raw_traffic_and_movement_data/group2_order1_user6
6466.467428040437,17352.42551606524,27.0,27.0,27.0,1051.0,65535.0,0,./data/raw/Raw_traffic_and_movement_data/group2_order1_user7
6588.735818206592,17709.794655971775,27.0,27.0,27.0,1051.0,65535.0,1,./data/raw/Raw_traffic_and_movement_data/group2_order1_user7
6555.63677675274,17575.696792582905,27.0,27.0,27.0,1051.0,65535.0,2,./data/raw/Raw_traffic_and_movement_data/group2_order1_user7
6541.63062848288,17590.4264882278,27.0,27.0,27.0,1051.0,65535.0,3,./data/raw/Raw_traffic_and_movement_data/group2_order1_user7
6585.186222179685,17702.728829501946,27.0,27.0,27.0,1051.0,65535.0,4,./data/raw/Raw_traffic_and_movement_data/group2_order1_user7
6482.805827599548,17487.56859965511,27.0,27.0,27.0,1051.0,65535.0,5,./data/raw/Raw_traffic_and_movement_data/group2_order1_user7
6445.204883355494,17424.729236024094,27.0,27.0,27.0,1051.0,65535.0,6,./data/raw/Raw_traffic_and_movement_data/group2_order1_user7
6460.117335866485,17364.75688924073,27.0,27.0,27.0,1051.0,65535.0,7,./data/raw/Raw_traffic_and_movement_data/group2_order1_user7
6466.724317137105,17372.9180359476,27.0,27.0,27.0,1051.0,65535.0,8,./data/raw/Raw_traffic_and_movement_data/group2_order1_user7
6513.672855199223,17597.626451295353,27.0,27.0,27.0,1051.0,65535.0,9,./data/raw/Raw_traffic_and_movement_data/group2_order1_user7
6429.528760655738,17041.094407633333,27.0,27.0,27.0,1051.0,65535.0,0,./data/raw/Raw_traffic_and_movement_data/group2_order1_user8
6472.629546110077,17131.887886281696,27.0,27.0,27.0,1051.0,65535.0,1,./data/raw/Raw_traffic_and_movement_data/group2_order1_user8
6387.045943008547,16891.61897718116,27.0,27.0,27.0,1051.0,65535.0,2,./data/raw/Raw_traffic_and_movement_data/group2_order1_user8
6476.2067607200315,17145.448121081754,27.0,27.0,27.0,1051.0,65535.0,3,./data/raw/Raw_traffic_and_movement_data/group2_order1_user8
6516.495015426083,17279.02485853326,27.0,27.0,27.0,1051.0,65535.0,4,./data/raw/Raw_traffic_and_movement_data/group2_order1_user8
6473.524255035792,17173.266117352578,27.0,27.0,27.0,1051.0,65535.0,5,./data/raw/Raw_traffic_and_movement_data/group2_order1_user8
6401.181813375977,16959.395124373987,27.0,27.0,27.0,1051.0,65535.0,6,./data/raw/Raw_traffic_and_movement_data/group2_order1_user8
6408.87244666364,17044.050862842887,27.0,27.0,27.0,1051.0,65535.0,7,./data/raw/Raw_traffic_and_movement_data/group2_order1_user8
6268.524757516357,16570.01102144766,27.0,27.0,27.0,1051.0,65535.0,8,./data/raw/Raw_traffic_and_movement_data/group2_order1_user8
6350.484735534256,16755.277878623365,27.0,27.0,27.0,1051.0,65535.0,9,./data/raw/Raw_traffic_and_movement_data/group2_order1_user8
6338.437546249453,17064.354047675883,27.0,27.0,27.0,1051.0,65535.0,0,./data/raw/Raw_traffic_and_movement_data/group2_order1_user9
6405.565954004392,17228.11968874503,27.0,27.0,27.0,1051.0,65535.0,1,./data/raw/Raw_traffic_and_movement_data/group2_order1_user9
6392.799047458613,17261.76428897837,27.0,27.0,27.0,1051.0,65535.0,2,./data/raw/Raw_traffic_and_movement_data/group2_order1_user9
6439.087797722447,17339.0321735651,27.0,27.0,27.0,1051.0,65535.0,3,./data/raw/Raw_traffic_and_movement_data/group2_order1_user9
6458.031955074429,17398.12815333912,27.0,27.0,27.0,1051.0,65535.0,4,./data/raw/Raw_traffic_and_movement_data/group2_order1_user9
6484.0253183059585,17501.283246051902,27.0,27.0,27.0,1051.0,65535.0,5,./data/raw/Raw_traffic_and_movement_data/group2_order1_user9
6429.718489850723,17358.32768349772,27.0,27.0,27.0,1051.0,65535.0,6,./data/raw/Raw_traffic_and_movement_data/group2_order1_user9
6409.258340861656,17326.360452865967,27.0,27.0,27.0,1051.0,65535.0,7,./data/raw/Raw_traffic_and_movement_data/group2_order1_user9
6534.1757757804735,17598.042940960117,27.0,27.0,27.0,1051.0,65535.0,8,./data/raw/Raw_traffic_and_movement_data/group2_order1_user9
6403.956956291034,17259.168979064918,27.0,27.0,27.0,1051.0,65535.0,9,./data/raw/Raw_traffic_and_movement_data/group2_order1_user9
6679.882951217673,17966.87205995449,27.0,27.0,27.0,1051.0,65535.0,0,./data/raw/Raw_traffic_and_movement_data/group2_order2_user0
6991.405801936296,18457.3829382294,27.0,27.0,27.0,1051.0,65535.0,1,./data/raw/Raw_traffic_and_movement_data/group2_order2_user0
6697.669007735017,17828.804843514543,27.0,27.0,27.0,1051.0,65535.0,2,./data/raw/Raw_traffic_and_movement_data/group2_order2_user0
6901.80569592442,18263.92225909339,27.0,27.0,27.0,1051.0,65535.0,3,./data/raw/Raw_traffic_and_movement_data/group2_order2_user0
6811.461039864244,18116.128348627488,27.0,27.0,27.0,1051.0,65535.0,4,./data/raw/Raw_traffic_and_movement_data/group2_order2_user0
6825.016865024954,18070.004534052587,27.0,27.0,27.0,1051.0,65535.0,5,./data/raw/Raw_traffic_and_movement_data/group2_order2_user0
7056.431046197893,18509.22891485013,27.0,27.0,27.0,1051.0,65535.0,6,./data/raw/Raw_traffic_and_movement_data/group2_order2_user0
6909.95053358186,18273.715475275512,27.0,27.0,27.0,1051.0,65535.0,7,./data/raw/Raw_traffic_and_movement_data/group2_order2_user0
6909.767164364726,18236.295022917486,27.0,27.0,27.0,1051.0,65535.0,8,./data/raw/Raw_traffic_and_movement_data/group2_order2_user0
6652.075052387393,17811.003542569986,27.0,27.0,27.0,1051.0,65535.0,9,./data/raw/Raw_traffic_and_movement_data/group2_order2_user0
6727.038216751276,17963.046867666366,27.0,27.0,27.0,1051.0,65535.0,0,./data/raw/Raw_traffic_and_movement_data/group2_order2_user1
6902.571819921872,18256.36024512646,27.0,27.0,27.0,1051.0,65535.0,1,./data/raw/Raw_traffic_and_movement_data/group2_order2_user1
6867.478695409116,18198.33750114979,27.0,27.0,27.0,1051.0,65535.0,2,./data/raw/Raw_traffic_and_movement_data/group2_order2_user1
6707.169962302227,17865.445057600995,27.0,27.0,27.0,1051.0,65535.0,3,./data/raw/Raw_traffic_and_movement_data/group2_order2_user1
6558.074436059219,17627.765260687866,27.0,27.0,27.0,1051.0,65535.0,4,./data/raw/Raw_traffic_and_movement_data/group2_order2_user1
6770.040795777836,17951.473228665338,27.0,27.0,27.0,1051.0,65535.0,5,./data/raw/Raw_traffic_and_movement_data/group2_order2_user1
6656.717644935835,17769.48240815965,27.0,27.0,27.0,1051.0,65535.0,6,./data/raw/Raw_traffic_and_movement_data/group2_order2_user1
6694.621145121461,17889.724977387526,27.0,27.0,27.0,1051.0,65535.0,7,./data/raw/Raw_traffic_and_movement_data/group2_order2_user1
6785.585187551013,18043.7973085943,27.0,27.0,27.0,1051.0,65535.0,8,./data/raw/Raw_traffic_and_movement_data/group2_order2_user1
6702.852983363064,17904.26693248984,27.0,27.0,27.0,1051.0,65535.0,9,./data/raw/Raw_traffic_and_movement_data/group2_order2_user1
6720.166974500345,17901.290664038366,27.0,27.0,27.0,1051.0,65535.0,0,./data/raw/Raw_traffic_and_movement_data/group2_order2_user10
6709.518983344643,17806.054021188967,27.0,27.0,27.0,1051.0,65535.0,1,./data/raw/Raw_traffic_and_movement_data/group2_order2_user10
6912.439461001945,18277.91345374371,27.0,27.0,27.0,1051.0,65535.0,2,./data/raw/Raw_traffic_and_movement_data/group2_order2_user10
6727.97926451451,17872.23283551587,27.0,27.0,27.0,1051.0,65535.0,3,./data/raw/Raw_traffic_and_movement_data/group2_order2_user10
6882.751876216066,18216.8208585936,27.0,27.0,27.0,1051.0,65535.0,4,./data/raw/Raw_traffic_and_movement_data/group2_order2_user10
6812.428939761979,18063.755147350857,27.0,27.0,27.0,1051.0,65535.0,5,./data/raw/Raw_traffic_and_movement_data/group2_order2_user10
6897.886052859591,18255.287864076872,27.0,27.0,27.0,1051.0,65535.0,6,./data/raw/Raw_traffic_and_movement_data/group2_order2_user10
6779.676943468752,18048.51672870429,27.0,27.0,27.0,1051.0,65535.0,7,./data/raw/Raw_traffic_and_movement_data/group2_order2_user10
6996.968568266425,18419.588110031833,27.0,27.0,27.0,1051.0,65535.0,8,./data/raw/Raw_traffic_and_movement_data/group2_order2_user10
6862.1227391618895,18176.302583804627,27.0,27.0,27.0,1051.0,65535.0,9,./data/raw/Raw_traffic_and_movement_data/group2_order2_user10
6683.978208459143,17984.482246249365,27.0,27.0,27.0,1051.0,65535.0,0,./data/raw/Raw_traffic_and_movement_data/group2_order2_user11
6796.474890686965,18120.868774903276,27.0,27.0,27.0,1051.0,65535.0,1,./data/raw/Raw_traffic_and_movement_data/group2_order2_user11
6836.432232806235,18208.470048239436,27.0,27.0,27.0,1051.0,65535.0,2,./data/raw/Raw_traffic_and_movement_data/group2_order2_user11
6758.130908337526,18077.042769318556,27.0,27.0,27.0,1051.0,65535.0,3,./data/raw/Raw_traffic_and_movement_data/group2_order2_user11
6829.922240232689,18184.95425711657,27.0,27.0,27.0,1051.0,65535.0,4,./data/raw/Raw_traffic_and_movement_data/group2_order2_user11
6840.481063252928,18133.29684680475,27.0,27.0,27.0,1051.0,65535.0,5,./data/raw/Raw_traffic_and_movement_data/group2_order2_user11
6839.165428393661,18211.56975338181,27.0,27.0,27.0,1051.0,65535.0,6,./data/raw/Raw_traffic_and_movement_data/group2_order2_user11
6793.626777361296,18180.5130840948,27.0,27.0,27.0,1051.0,65535.0,7,./data/raw/Raw_traffic_and_movement_data/group2_order2_user11
6782.680680487841,18121.526993929514,27.0,27.0,27.0,1051.0,65535.0,8,./data/raw/Raw_traffic_and_movement_data/group2_order2_user11
6733.840186545098,17987.41338847974,27.0,27.0,27.0,1051.0,65535.0,9,./data/raw/Raw_traffic_and_movement_data/group2_order2_user11
6651.435807012521,17746.536465110625,27.0,27.0,27.0,1051.0,65535.0,0,./data/raw/Raw_traffic_and_movement_data/group2_order2_user12
6747.483238388848,17913.806343387758,27.0,27.0,27.0,1051.0,65535.0,1,./data/raw/Raw_traffic_and_movement_data/group2_order2_user12
6860.249615534391,18129.29095571417,27.0,27.0,27.0,1051.0,65535.0,2,./data/raw/Raw_traffic_and_movement_data/group2_order2_user12
6841.066882594434,18128.192089933524,27.0,27.0,27.0,1051.0,65535.0,3,./data/raw/Raw_traffic_and_movement_data/group2_order2_user12
6981.564737769346,18388.9835380258,27.0,27.0,27.0,1051.0,65535.0,4,./data/raw/Raw_traffic_and_movement_data/group2_order2_user12
6735.912594087487,17874.303357228153,27.0,27.0,27.0,1051.0,65535.0,5,./data/raw/Raw_traffic_and_movement_data/group2_order2_user12
6807.111011839856,18067.38472568259,27.0,27.0,27.0,1051.0,65535.0,6,./data/raw/Raw_traffic_and_movement_data/group2_order2_user12
6916.529081014878,18317.190814665908,27.0,27.0,27.0,1051.0,65535.0,7,./data/raw/Raw_traffic_and_movement_data/group2_order2_user12
6936.811457537671,18328.464075565476,27.0,27.0,27.0,1051.0,65535.0,8,./data/raw/Raw_traffic_and_movement_data/group2_order2_user12
6771.2176847054725,18071.56853709868,27.0,27.0,27.0,1051.0,65535.0,9,./data/raw/Raw_traffic_and_movement_data/group2_order2_user12
6679.108110308334,17835.20978819131,27.0,27.0,27.0,1051.0,65535.0,0,./data/raw/Raw_traffic_and_movement_data/group2_order2_user13
6785.615809448669,18030.533373928036,27.0,27.0,27.0,1051.0,65535.0,1,./data/raw/Raw_traffic_and_movement_data/group2_order2_user13
6775.852698130249,17986.405129228144,27.0,27.0,27.0,1051.0,65535.0,2,./data/raw/Raw_traffic_and_movement_data/group2_order2_user13
6959.33097285333,18400.862026166305,27.0,27.0,27.0,1051.0,65535.0,3,./data/raw/Raw_traffic_and_movement_data/group2_order2_user13
6760.92315284536,17999.198948348465,27.0,27.0,27.0,1051.0,65535.0,4,./data/raw/Raw_traffic_and_movement_data/group2_order2_user13
6687.1326578877015,17962.73192739506,27.0,27.0,27.0,1051.0,65535.0,5,./data/raw/Raw_traffic_and_movement_data/group2_order2_user13
6852.765585164909,18163.869898211866,27.0,27.0,27.0,1051.0,65535.0,6,./data/raw/Raw_traffic_and_movement_data/group2_order2_user13
6925.434275102799,18337.926638586556,27.0,27.0,27.0,1051.0,65535.0,7,./data/raw/Raw_traffic_and_movement_data/group2_order2_user13
6956.711193034748,18379.658281717577,27.0,27.0,27.0,1051.0,65535.0,8,./data/raw/Raw_traffic_and_movement_data/group2_order2_user13
6894.705973403239,18219.11112475282,27.0,27.0,27.0,1051.0,65535.0,9,./data/raw/Raw_traffic_and_movement_data/group2_order2_user13
6816.321945089352,18148.600168937588,27.0,27.0,27.0,1051.0,65535.0,0,./data/raw/Raw_traffic_and_movement_data/group2_order2_user14
6908.049038060105,18255.128604927686,27.0,27.0,27.0,1051.0,65535.0,1,./data/raw/Raw_traffic_and_movement_data/group2_order2_user14
6867.13097705891,18212.94595111493,27.0,27.0,27.0,1051.0,65535.0,2,./data/raw/Raw_traffic_and_movement_data/group2_order2_user14
6888.178296264983,18242.723297151137,27.0,27.0,27.0,1051.0,65535.0,3,./data/raw/Raw_traffic_and_movement_data/group2_order2_user14
6901.239971888853,18270.964701920017,27.0,27.0,27.0,1051.0,65535.0,4,./data/raw/Raw_traffic_and_movement_data/group2_order2_user14
7003.111073383406,18452.837792271814,27.0,27.0,27.0,1051.0,65535.0,5,./data/raw/Raw_traffic_and_movement_data/group2_order2_user14
6819.233507129176,18050.75311902469,27.0,27.0,27.0,1051.0,65535.0,6,./data/raw/Raw_traffic_and_movement_data/group2_order2_user14
6862.863121229174,18162.31150863665,27.0,27.0,27.0,1051.0,65535.0,7,./data/raw/Raw_traffic_and_movement_data/group2_order2_user14
6726.5885090170905,17914.01448603776,27.0,27.0,27.0,1051.0,65535.0,8,./data/raw/Raw_traffic_and_movement_data/group2_order2_user14
6921.301255115962,18279.00492856125,27.0,27.0,27.0,1051.0,65535.0,9,./data/raw/Raw_traffic_and_movement_data/group2_order2_user14
6285.575311342269,17275.89036378913,27.0,27.0,27.0,1051.0,65535.0,0,./data/raw/Raw_traffic_and_movement_data/group2_order2_user2
6557.316647284025,17786.886072625082,27.0,27.0,27.0,1051.0,65535.0,1,./data/raw/Raw_traffic_and_movement_data/group2_order2_user2
6557.484730875293,17734.170938292853,27.0,27.0,27.0,1051.0,65535.0,2,./data/raw/Raw_traffic_and_movement_data/group2_order2_user2
6611.407832613527,17876.418483072757,27.0,27.0,27.0,1051.0,65535.0,3,./data/raw/Raw_traffic_and_movement_data/group2_order2_user2
6406.256798655053,17436.90875560119,27.0,27.0,27.0,1051.0,65535.0,4,./data/raw/Raw_traffic_and_movement_data/group2_order2_user2
6493.867563578086,17607.417642522825,27.0,27.0,27.0,1051.0,65535.0,5,./data/raw/Raw_traffic_and_movement_data/group2_order2_user2
6578.8105882741975,17797.69370939151,27.0,27.0,27.0,1051.0,65535.0,6,./data/raw/Raw_traffic_and_movement_data/group2_order2_user2
6562.152294096619,17762.193264908958,27.0,27.0,27.0,1051.0,65535.0,7,./data/raw/Raw_traffic_and_movement_data/group2_order2_user2
6504.988686674032,17649.683676047647,27.0,27.0,27.0,1051.0,65535.0,8,./data/raw/Raw_traffic_and_movement_data/group2_order2_user2
6435.355384628475,17556.767674780145,27.0,27.0,27.0,1051.0,65535.0,9,./data/raw/Raw_traffic_and_movement_data/group2_order2_user2
6459.359464148938,17517.646880426397,27.0,27.0,27.0,1051.0,65535.0,0,./data/raw/Raw_traffic_and_movement_data/group2_order2_user3
6591.944800253168,17695.35877573185,27.0,27.0,27.0,1051.0,65535.0,1,./data/raw/Raw_traffic_and_movement_data/group2_order2_user3
6662.277824128149,17855.512659718857,27.0,27.0,27.0,1051.0,65535.0,2,./data/raw/Raw_traffic_and_movement_data/group2_order2_user3
6571.623886945616,17679.064276764562,27.0,27.0,27.0,1051.0,65535.0,3,./data/raw/Raw_traffic_and_movement_data/group2_order2_user3
6649.90281191353,17849.631840376143,27.0,27.0,27.0,1051.0,65535.0,4,./data/raw/Raw_traffic_and_movement_data/group2_order2_user3
6669.760934253685,17864.409158373124,27.0,27.0,27.0,1051.0,65535.0,5,./data/raw/Raw_traffic_and_movement_data/group2_order2_user3
6743.289157758722,18120.738409120157,27.0,27.0,27.0,1051.0,65535.0,6,./data/raw/Raw_traffic_and_movement_data/group2_order2_user3
6586.986378249652,17759.006551498438,27.0,27.0,27.0,1051.0,65535.0,7,./data/raw/Raw_traffic_and_movement_data/group2_order2_user3
6679.347507195246,17935.58550651923,27.0,27.0,27.0,1051.0,65535.0,8,./data/raw/Raw_traffic_and_movement_data/group2_order2_user3
6740.989701880258,18040.431384060612,27.0,27.0,27.0,1051.0,65535.0,9,./data/raw/Raw_traffic_and_movement_data/group2_order2_user3
6655.260462997887,17798.16047727103,27.0,27.0,27.0,1051.0,65535.0,0,./data/raw/Raw_traffic_and_movement_data/group2_order2_user4
6839.551415954943,18131.848159998674,27.0,27.0,27.0,1051.0,65535.0,1,./data/raw/Raw_traffic_and_movement_data/group2_order2_user4
6763.254740135394,17906.624084445393,27.0,27.0,27.0,1051.0,65535.0,2,./data/raw/Raw_traffic_and_movement_data/group2_order2_user4
6790.071988704397,18057.44561186297,27.0,27.0,27.0,1051.0,65535.0,3,./data/raw/Raw_traffic_and_movement_data/group2_order2_user4
6760.26680202347,17983.193955744373,27.0,27.0,27.0,1051.0,65535.0,4,./data/raw/Raw_traffic_and_movement_data/group2_order2_user4
6906.301328315875,18308.387732168838,27.0,27.0,27.0,1051.0,65535.0,5,./data/raw/Raw_traffic_and_movement_data/group2_order2_user4
6848.165503638713,18165.657261884484,27.0,27.0,27.0,1051.0,65535.0,6,./data/raw/Raw_traffic_and_movement_data/group2_order2_user4
6803.635286756446,18122.225414052748,27.0,27.0,27.0,1051.0,65535.0,7,./data/raw/Raw_traffic_and_movement_data/group2_order2_user4
6819.414452454756,18129.93908282745,27.0,27.0,27.0,1051.0,65535.0,8,./data/raw/Raw_traffic_and_movement_data/group2_order2_user4
6923.351899209686,18347.518819370776,27.0,27.0,27.0,1051.0,65535.0,9,./data/raw/Raw_traffic_and_movement_data/group2_order2_user4
6607.338378018885,17827.316942827274,27.0,27.0,27.0,1051.0,65535.0,0,./data/raw/Raw_traffic_and_movement_data/group2_order2_user5
6856.741594620557,18196.840120382774,27.0,27.0,27.0,1051.0,65535.0,1,./data/raw/Raw_traffic_and_movement_data/group2_order2_user5
6741.47344038404,17997.901508117335,27.0,27.0,27.0,1051.0,65535.0,2,./data/raw/Raw_traffic_and_movement_data/group2_order2_user5
6846.65548576774,18189.34081355,27.0,27.0,27.0,1051.0,65535.0,3,./data/raw/Raw_traffic_and_movement_data/group2_order2_user5
6745.099165365678,17984.967473953242,27.0,27.0,27.0,1051.0,65535.0,4,./data/raw/Raw_traffic_and_movement_data/group2_order2_user5
6707.576933465382,18008.08210483432,27.0,27.0,27.0,1051.0,65535.0,5,./data/raw/Raw_traffic_and_movement_data/group2_order2_user5
6697.3307898566245,17938.20116713017,27.0,27.0,27.0,1051.0,65535.0,6,./data/raw/Raw_traffic_and_movement_data/group2_order2_user5
6753.803383897316,18045.235837330605,27.0,27.0,27.0,1051.0,65535.0,7,./data/raw/Raw_traffic_and_movement_data/group2_order2_user5
6579.6926006077565,17666.396720336903,27.0,27.0,27.0,1051.0,65535.0,8,./data/raw/Raw_traffic_and_movement_data/group2_order2_user5
6745.339852535087,17948.71497758636,27.0,27.0,27.0,1051.0,65535.0,9,./data/raw/Raw_traffic_and_movement_data/group2_order2_user5
6832.792642754964,18091.5945914661,27.0,27.0,27.0,1051.0,65535.0,0,./data/raw/Raw_traffic_and_movement_data/group2_order2_user6
6909.7071799888745,18237.95337553662,27.0,27.0,27.0,1051.0,65535.0,1,./data/raw/Raw_traffic_and_movement_data/group2_order2_user6
7012.512781489411,18456.984296799048,27.0,27.0,27.0,1051.0,65535.0,2,./data/raw/Raw_traffic_and_movement_data/group2_order2_user6
6996.058766783992,18409.906801841782,27.0,27.0,27.0,1051.0,65535.0,3,./data/raw/Raw_traffic_and_movement_data/group2_order2_user6
6862.1778603714165,18129.429288769355,27.0,27.0,27.0,1051.0,65535.0,4,./data/raw/Raw_traffic_and_movement_data/group2_order2_user6
7169.4204655294025,18738.286708599662,27.0,27.0,27.0,1051.0,65535.0,5,./data/raw/Raw_traffic_and_movement_data/group2_order2_user6
7043.81618580781,18479.693329865102,27.0,27.0,27.0,1051.0,65535.0,6,./data/raw/Raw_traffic_and_movement_data/group2_order2_user6
7017.668447483706,18468.336998050796,27.0,27.0,27.0,1051.0,65535.0,7,./data/raw/Raw_traffic_and_movement_data/group2_order2_user6
6958.1364612473,18380.80866596568,27.0,27.0,27.0,1051.0,65535.0,8,./data/raw/Raw_traffic_and_movement_data/group2_order2_user6
6853.903855195111,18078.86512395249,27.0,27.0,27.0,1051.0,65535.0,9,./data/raw/Raw_traffic_and_movement_data/group2_order2_user6
6463.273967665147,17474.93469706313,27.0,27.0,27.0,1051.0,65535.0,0,./data/raw/Raw_traffic_and_movement_data/group2_order2_user7
6798.826799483543,18097.576454578324,27.0,27.0,27.0,1051.0,65535.0,1,./data/raw/Raw_traffic_and_movement_data/group2_order2_user7
6955.034731243078,18372.41098495847,27.0,27.0,27.0,1051.0,65535.0,2,./data/raw/Raw_traffic_and_movement_data/group2_order2_user7
6828.009927578075,18146.380464634432,27.0,27.0,27.0,1051.0,65535.0,3,./data/raw/Raw_traffic_and_movement_data/group2_order2_user7
6803.031310030831,18068.50560782687,27.0,27.0,27.0,1051.0,65535.0,4,./data/raw/Raw_traffic_and_movement_data/group2_order2_user7
6938.439870673207,18305.93634565821,27.0,27.0,27.0,1051.0,65535.0,5,./data/raw/Raw_traffic_and_movement_data/group2_order2_user7
6812.660015076306,18136.668055081023,27.0,27.0,27.0,1051.0,65535.0,6,./data/raw/Raw_traffic_and_movement_data/group2_order2_user7
6855.366876493559,18238.667185964114,27.0,27.0,27.0,1051.0,65535.0,7,./data/raw/Raw_traffic_and_movement_data/group2_order2_user7
6817.155426077406,18128.07462648449,27.0,27.0,27.0,1051.0,65535.0,8,./data/raw/Raw_traffic_and_movement_data/group2_order2_user7
6854.875119665081,18205.199714542025,27.0,27.0,27.0,1051.0,65535.0,9,./data/raw/Raw_traffic_and_movement_data/group2_order2_user7
6764.60355283483,18021.599422498042,27.0,27.0,27.0,1051.0,65535.0,0,./data/raw/Raw_traffic_and_movement_data/group2_order2_user8
6860.145280756449,18186.672397879836,27.0,27.0,27.0,1051.0,65535.0,1,./data/raw/Raw_traffic_and_movement_data/group2_order2_user8
6896.965794587716,18244.402317191765,27.0,27.0,27.0,1051.0,65535.0,2,./data/raw/Raw_traffic_and_movement_data/group2_order2_user8
6703.4070700334805,17916.134001085786,27.0,27.0,27.0,1051.0,65535.0,3,./data/raw/Raw_traffic_and_movement_data/group2_order2_user8
6855.017259132141,18191.495494271538,27.0,27.0,27.0,1051.0,65535.0,4,./data/raw/Raw_traffic_and_movement_data/group2_order2_user8
6835.555539472142,18130.16770294625,27.0,27.0,27.0,1051.0,65535.0,5,./data/raw/Raw_traffic_and_movement_data/group2_order2_user8
6916.918046003603,18311.86423677768,27.0,27.0,27.0,1051.0,65535.0,6,./data/raw/Raw_traffic_and_movement_data/group2_order2_user8
6803.1070765027325,18002.00385151763,27.0,27.0,27.0,1051.0,65535.0,7,./data/raw/Raw_traffic_and_movement_data/group2_order2_user8
6709.962750317033,17830.522188455707,27.0,27.0,27.0,1051.0,65535.0,8,./data/raw/Raw_traffic_and_movement_data/group2_order2_user8
6808.753815191367,18079.195137109622,27.0,27.0,27.0,1051.0,65535.0,9,./data/raw/Raw_traffic_and_movement_data/group2_order2_user8
6679.650289415157,17896.742350558125,27.0,27.0,27.0,1051.0,65535.0,0,./data/raw/Raw_traffic_and_movement_data/group2_order2_user9
6777.097706079305,17993.790194704838,27.0,27.0,27.0,1051.0,65535.0,1,./data/raw/Raw_traffic_and_movement_data/group2_order2_user9
6804.059644866931,18077.75821793642,27.0,27.0,27.0,1051.0,65535.0,2,./data/raw/Raw_traffic_and_movement_data/group2_order2_user9
6913.003878366638,18286.03504497728,27.0,27.0,27.0,1051.0,65535.0,3,./data/raw/Raw_traffic_and_movement_data/group2_order2_user9
6884.540708961809,18206.374269940727,27.0,27.0,27.0,1051.0,65535.0,4,./data/raw/Raw_traffic_and_movement_data/group2_order2_user9
6827.830339539978,18143.37419237514,27.0,27.0,27.0,1051.0,65535.0,5,./data/raw/Raw_traffic_and_movement_data/group2_order2_user9
6917.309755943482,18327.958554896843,27.0,27.0,27.0,1051.0,65535.0,6,./data/raw/Raw_traffic_and_movement_data/group2_order2_user9
6838.093000606925,18223.609697669974,27.0,27.0,27.0,1051.0,65535.0,7,./data/raw/Raw_traffic_and_movement_data/group2_order2_user9
6873.627111589522,18240.262994912504,27.0,27.0,27.0,1051.0,65535.0,8,./data/raw/Raw_traffic_and_movement_data/group2_order2_user9
6863.774027463956,18198.7026410661,27.0,27.0,27.0,1051.0,65535.0,9,./data/raw/Raw_traffic_and_movement_data/group2_order2_user9
